source,source_place_id,name,operating_hours_raw,closed_days_raw,fees_raw,parking_raw,pet_raw,public_transport_raw,source_url
gwangju_tour,nature.cs:2,광주호 호수생태원,09:00 ~ 18:00,없음,없음,주차시설 보유 (180대 주차가능),애견동반 가능,"광주호수생태원 : 충효188 , 충효187 광주호호수생태원 : 충효188 , 충효187 수리 : 충효187 , 충효188 충효동환벽당 : 충효187 , 충효188",https://tour.gwangju.go.kr/home/tour/info/nature.cs?act=view&infoId=2
gwangju_tour,nature.cs:360,무등산 국립공원,04:00~17:00(하절기:16:00),- 봄 철 : 02.15 ∼ 05.15 - 가을철 : 11.01 ∼ 12.15 - 입산통제기간은 무등산 국립공원 홈페이지 공지사항 참고,무료,주차장 있음/유료,,무등산국립공원(원효사) : 1187,https://tour.gwangju.go.kr/home/tour/info/nature.cs?act=view&infoId=360
gwangju_tour,nature.cs:1395,광주시립수목원,09:00 ~ 18:00 ※ 종료 1시간 전 입장 마감,"방문자센터, 전시온실에 대해서는 1월 1일, 설날, 추석 , 매주 월요일을 휴원일로 지정",무료,있음,애견동반 불가능,"효천초교 하차(진월79,진월75,송암68,수완03), 송암동 하차(999,999-1), 향등 하차(대촌170,대촌70,송정99)",https://tour.gwangju.go.kr/home/tour/info/nature.cs?act=view&infoId=1395
gwangju_tour,nature.cs:255,광주천,상시 개방,없음,무료,,,"중앙대교(동) : 금남55 중앙대교(서) : 송암74 , 수완12 , 지원45 광주세무서 : 매월06 , 지원45 , 진월07 , 송암74 , 수완12 , 대촌170 향교 : 송암74 , 대촌170 , 수완12 , 지원45 , 매월06 , 진월07",https://tour.gwangju.go.kr/home/tour/info/nature.cs?act=view&infoId=255
gwangju_tour,nature.cs:1227,뒹굴동굴,(매일) 10:00 ~ 18:00,월요일 휴무,,,,"서남대병원 : 금남55 양림교 : 금남55 문화전당역 : 금남55 , 매월61(세하) , 매월61(칠석) , 1187 , 518 , 송정98 , 문흥80 , 금호36 중앙대교(동) : 금남55",https://tour.gwangju.go.kr/home/tour/info/nature.cs?act=view&infoId=1227
gwangju_tour,nature.cs:1071,너릿재 옛길,연중무휴 24시간,없음,무료,무료,애견동반 가능,"동구문화센터 : 지원152(능주역) , 지원52 , 지원151(화순사평) , 봉선76 , 지원151(화순전남대병원) , 지원25 , 지원15 , 지원45 , 지원152(도웅리) 광주남초교 : 봉선76 , 지원15 , 지원45 , 지원151(화순전남대병원) , 지원152(능주역) , 지원152(도웅리) , 지원151(화순사평) , 지원25 , 지원52 빛고을복지회관 : 봉선76 삼익세라믹 : 지원45 , 지원15 , 지원52 , 지원25 , 지원151(화순사평) , 지원152(도웅리) , 지원151(화순전남대병원) , 지원152(능주역)",https://tour.gwangju.go.kr/home/tour/info/nature.cs?act=view&infoId=1071
gwangju_tour,history.cs:1146,4·19민주혁명 역사관,10:00~18:00,없음,,,,"광주고 : 석곡87 , 문흥39 , 용전184(원천리방향) , 운림54 , 지원151(화순전남대병원) , 매월06 , 419 , 지원151(화순사평) , 용전184(대전면방향) , 송정98 , 518 계림초교후문 : 금남55 계림사거리 : 419 , 석곡87 , 문흥39 , 운림54 4.19기념관 : 518 , 지원151(화순사평) , 금남55 , 송정19 , 송정98 , 지원151(화순전남대병원) , 용봉83",https://tour.gwangju.go.kr/home/tour/info/history.cs?act=view&infoId=1146
gwangju_tour,history.cs:1171,4·19혁명기념관,,없음,,,,"4.19기념관 : 송정19 , 518 , 지원151(화순사평) , 송정98 , 금남55 , 용봉83 , 지원151(화순전남대병원) 계림사거리 : 석곡87 , 419 , 문흥39 , 운림54 서방사거리육교 : 용전184(원천리방향) , 송정19 , 매월06 , 용봉83 , 용전184(대전면방향) , 두암181",https://tour.gwangju.go.kr/home/tour/info/history.cs?act=view&infoId=1171
gwangju_tour,history.cs:1073,5·18민주화운동기록관,평일 : 오전 09:00~18:00 / 토·일·공휴일 : 09:00~18:00 (17:40분 입장마감),"매주 월요일, 1월 1일, 설날, 추석",무료(상설전시실),주차장소가 협소하니 가급적 대중교통을 이용해주세요,애견동반 불가능,"518민주화운동기록관 : 매월61(칠석) , 매월61(세하) , 지원151(화순사평) , 지원151(화순전남대병원) , 송정98 , 1000 예술의거리입구 : 용전184(대전면방향) , 수완49 , 대촌70 , 송암74 , 용전184(원천리방향) , 문흥39 , 매월06 , 대촌170 , 금남57 , 지원151(화순사평) , 419 , 좌석02 , 금남58 , 송정98 , 지원151(화순전남대병원) , 진월07 국립아시아문화전당(구.도청) : 1000 , 수완12 , 좌석02 , 지원151(화순사평) , 지원45 , 금남55 , 지원151(화순전남대병원) , 1187 , 운림51 , 문흥80 , 송정98 , 518 , 매월61(세하) , 매월61(칠석) , 첨단95 , 첨단09 , 금호36 , 금남59",https://tour.gwangju.go.kr/home/tour/info/history.cs?act=view&infoId=1073
gwangju_tour,history.cs:140,고원희 가옥,상시개방,없음,,없음,,,https://tour.gwangju.go.kr/home/tour/info/history.cs?act=view&infoId=140
gwangju_tour,history.cs:1268,광주 3.1 만세운동 기념비,24시간,연중무휴,없음,수피아여고 주차장,,"석산고 : 금남55 수피아여고 : 금남55 기독병원 : 금남55 남광주농협 : 봉선27 , 지원25 , 지원56 , 순환01(운천저수지방향) , 진월17 , 수완03 , 송정98 , 첨단95",https://tour.gwangju.go.kr/home/tour/info/history.cs?act=view&infoId=1268
gwangju_tour,history.cs:1266,광주 경찰충혼탑,24시간,연중무휴,,,,"양림교 : 금남55 서남대병원 : 금남55 문화전당역 : 금남55 , 문흥80 , 매월61(칠석) , 518 , 송정98 , 매월61(세하) , 1187 , 금호36 학강교 : 금남55",https://tour.gwangju.go.kr/home/tour/info/history.cs?act=view&infoId=1266
gwangju_tour,culture.cs:161,(전) 광주 성거사지 오층석탑,00:00 ~ 24:00,없음,,,,"광주공원 : 금남59 , 대촌70 향교 : 송암74 , 매월06 , 지원45 , 대촌170 , 진월07 , 수완12 우진아파트 : 대촌170 , 지원52 , 대촌71 , 진월177 , 대촌70",https://tour.gwangju.go.kr/home/tour/info/culture.cs?act=view&infoId=161
gwangju_tour,culture.cs:1253,경장각,,없음,,,,"신성화학 : 임곡290 , 첨단92 , 첨단20 , 임곡89 흑석사거리(서) : 임곡89 , 선운101(시립인광병원) , 수완12 , 송정33 , 선운101(송산유원지) , 첨단20 , 첨단92 , 첨단94 제일화학 : 첨단94 , 첨단92 정우화학 : 임곡290 , 임곡89 , 첨단20 , 첨단92",https://tour.gwangju.go.kr/home/tour/info/culture.cs?act=view&infoId=1253
gwangju_tour,culture.cs:1050,광주 미디어아트 플랫폼,"평일, 주말, 공휴일: 10:00 ~ 18:00 ※ 단체관람(60명 이상)일 경우 쾌적한 관람을 위해 사전 연락하여 주시고, 전시 안내를 원하는 경우 사전 연락을 꼭 하여 주시기 바랍니다. (단체 관람 문의 010-4195-2104)","1월1일, 설(당일), 추석(당일), 매주 월요일",관람료 별도 공지시까지 무료 입장 *특별 기획전시 중 유료 전시회의 경우 별도의 입장료를 받을 수 있음,무료,애견동반 불가능,"버스: 매월06, 진월07, 수완12, 지원45, 송암74, 대촌170(향교, 광주세무서) 금남59, 대촌70(광주공원 정류소) 지하철: 금남로4가역 2번 출구에서 하차 후 광주공원 방향으로 도보 698m 광주공원 : 금남59 , 대촌70 중앙대교(서) : 지원45 , 수완12 , 송암74 향교 : 대촌170 , 지원45 , 수완12 , 송암74 , 진월07 , 매월06",https://tour.gwangju.go.kr/home/tour/info/culture.cs?act=view&infoId=1050
gwangju_tour,culture.cs:162,광주 자운사 목조아미타래여좌상 및 복장유물,00:00 ~ 24:00,없음,,,,"지산유원지입구 : 두암81(각화초교방향) , 두암81(무등파크방향) , 1000 단사공원 : 1000 , 두암81(무등파크방향) , 두암81(각화초교방향)",https://tour.gwangju.go.kr/home/tour/info/culture.cs?act=view&infoId=162
gwangju_tour,culture.cs:163,광주 지산동 오층석탑,00:00 ~ 24:00,없음,,,,"법원 : 진월17 , 두암81(무등파크방향) , 문흥80 , 운림35 , 두암81(각화초교방향) 매일시장입구 : 문흥80 , 금호36 지산2동주민센터 : 두암81(각화초교방향) , 금호36",https://tour.gwangju.go.kr/home/tour/info/culture.cs?act=view&infoId=163
gwangju_tour,culture.cs:1248,광주광산문화원,09:00~18:00,"토요일, 일요일, 공휴일(전화문의)",,있음,,"영광통 : 송정19 , 진곡196 , 상무62 , 마을720 , 일곡38 , 송정100 , 송정33 , 1000 , 송정99 , 마을720-1 , 진월75 , 송정98 , 임곡290 , 송정97 , 송정29 , 좌석02 광산구청 : 송정100 , 송정98 , 송정99 , 진곡196 , 송정97 , 마을720-1 , 선운101(송산유원지) , 진월75 , 1000 , 송정93 , 선운101(시립인광병원) , 송정96 , 송정296 , 송정19 , 임곡290 , 마을701 , 송정197 , 송정29 , 임곡90 , 송정33 영광통사거리 : 송정96 , 송정100 , 마을700 송정공원역 : 상무62 , 송정29 , 일곡38 , 송정33 , 1000 , 송정19 , 송정100 , 임곡290 , 진곡196 , 진월75 , 마을720 , 마을720-1 , 좌석02 , 송정98 , 송정99 , 송정97",https://tour.gwangju.go.kr/home/tour/info/culture.cs?act=view&infoId=1248
gwangju_tour,food.cs:1183,100족발본점,매일 11:30~24:00,월요일 정기휴무,,,,"수문초교입구 : 첨단40 , 선운101(송산유원지) , 선운101(시립인광병원) 신창중 : 수완12 , 송정29 , 운림51 , 송암72 , 첨단09 , 마을720 신창초교 : 송정29 , 수완12 , 첨단09 , 운림51 , 송암72 , 마을720 수완지구(KS병원) : 수완49 , 송암72",https://tour.gwangju.go.kr/home/tour/info/food.cs?act=view&infoId=1183
gwangju_tour,food.cs:1304,1960백선청원모밀,10:30 ~ 20:30,명절연휴,,,,"충장치안센터 : 수완12 , 진월07 , 금남59 , 송암74 , 지원45 , 금남55 , 매월06 , 문흥80 , 대촌70 518민주화운동기록관 : 송정98 , 1000 , 매월61(세하) , 매월61(칠석) , 지원151(화순전남대병원) , 지원151(화순사평) 광주세무서 : 대촌170 , 진월07 , 매월06 , 송암74 , 지원45 , 수완12",https://tour.gwangju.go.kr/home/tour/info/food.cs?act=view&infoId=1304
gwangju_tour,food.cs:1365,가매일식,11:00 ~ 22:00 (브레이크 타임 14:30 ~ 17:30),연중무휴,,주차 가능,,"상공회의소 : 지원56 , 수완12 , 지원25 서석고 : 지원56 , 송정19 상록회관 : 송암68 , 금호36 , 송암72 , 1187 , 봉선37 , 송정19 , 문흥39 화정중흥파크 : 문흥39 , 송암68 , 봉선37 , 1187 , 지원25 , 수완12 , 송암72 , 금호36",https://tour.gwangju.go.kr/home/tour/info/food.cs?act=view&infoId=1365
gwangju_tour,food.cs:1205,강의리추어탕,매일 09:00~21:00,없음,,,,"북구차량등록민원실 : 용전184(원천리방향) , 용전184(대전면방향) , 금남55 , 문흥18 , 봉선27 북구보건소 : 518 , 두암81(각화초교방향) , 419 , 두암81(무등파크방향) 북구청 : 용봉83 , 송정19 , 두암81(무등파크방향) , 문흥80 , 일곡28 , 518 , 봉선27 , 금남55 , 일곡38",https://tour.gwangju.go.kr/home/tour/info/food.cs?act=view&infoId=1205
gwangju_tour,food.cs:1066,강촌,매일 09:30~21:30,연중무휴,,20대,,"상무지구입구 : 매월16 , 금호46 , 대촌270 , 순환01(시청방향) , 첨단20 , 대촌69 , 송정19 , 순환01(운천저수지방향) 운천저수지 : 송암73 , 금호46 , 대촌270 , 마을760 , 첨단20 , 순환01(시청방향) , 지원45 , 송암72 , 운림50 , 순환01(운천저수지방향)",https://tour.gwangju.go.kr/home/tour/info/food.cs?act=view&infoId=1066
gwangju_tour,food.cs:1291,개마고원,11:30 ~ 21:00(브레이크타임 15:00 ~ 17:00),일요일,,있음(40대 이상),,"서석고 : 송정19 , 지원56 화정역 : 송정19 , 지원56 화정중흥파크 : 송암72 , 1187 , 문흥39 , 금호36 , 봉선37 , 수완12 , 송암68 , 지원25 화정사거리 : 송암31 , 매월26",https://tour.gwangju.go.kr/home/tour/info/food.cs?act=view&infoId=1291
gwangju_tour,sports.cs:1133,5·18자유공원 역사체험,09:00 ~ 18:00,없음,,공원 내 주차장,,"5.18자유공원 : 순환01(시청방향) , 좌석02 , 순환01(운천저수지방향) , 상무63 , 1000 , 518 , 상무64 보훈회관(518민주화운동교육관) : 일곡38 , 상무63 , 518 김대중컨벤션센터 : 일곡38 , 1000 , 상무64 상무금호아파트 : 지원25 , 상무63 , 순환01(시청방향) , 상무64 , 순환01(운천저수지방향) , 운림50",https://tour.gwangju.go.kr/home/tour/info/sports.cs?act=view&infoId=1133
gwangju_tour,sports.cs:1131,CCTV통합관제센터 VR 영상 체험,매주 월~금 10:00 / 14:00 / 16:00 (1일 3회),"토, 일요일, 공휴일",무료,있음,애견동반 불가능,"서광주우체국 : 매월16 , 금호36 , 송암47 보건환경연구원 : 첨단20 , 매월61(세하) , 진월77 , 송암73 , 운림50 , 매월61(칠석) 염주사거리(서) : 송암47 , 매월16 , 첨단20 , 매월61(칠석) , 운림50 , 진월77 , 송암73 , 매월61(세하)",https://tour.gwangju.go.kr/home/tour/info/sports.cs?act=view&infoId=1131
gwangju_tour,sports.cs:1277,광주 송정도서관,[학습실] 09:00~22:00 / 공휴일 09:00 ~ 18:00 [간행물실] 09:00 ~ 19:00 / 공휴일 09:00 ~ 18:00) [정보자료실/어린이실] 평일 09:00~18:00 / 주말 09:00~17:00,"매월 둘째, 넷째 월요일 / 개관기념일 (매년 4월 10일) / 특별한 사유로 관장이 지정하는 날",,있음,,"송정공원역 : 송정29 , 임곡290 , 일곡38 , 송정98 , 마을720 , 송정97 , 상무62 , 송정99 , 진월75 , 송정19 , 좌석02 , 송정33 , 1000 , 송정100 , 진곡196 , 마을720-1 송정파출소(북) : 송정100 , 진월75 , 송정29 , 송정98 , 1000 , 송정97 , 임곡290 , 진곡196 , 송정33 , 일곡38 , 송정99 , 송정19 , 상무62 , 마을720 송정파출소(남) : 첨단40 , 첨단20 , 선운101(송산유원지) , 선운101(시립인광병원) , 지원45 , 송암73",https://tour.gwangju.go.kr/home/tour/info/sports.cs?act=view&infoId=1277
gwangju_tour,sports.cs:1240,광주공연마루,"-쉼마루(1층) 09:00 ~ 18:30 / 수~일 -공연장(2층) 15:00 ~ 18:00 / 토~일 17시 -빛분수(음악) 16:30, 18:00, 20:30 / 빛(음악)분수 운영시간 4~9월(금요일은 운영하지 않습니다)",없음,무료,상무조각공원 무료주차장(상무지구 호반아파트 입구 건너편),애견동반 불가능,"지선 518, 상무62(상무역경유시청행) 상무63 상무62(시청경유상무역행) 지원25 상무지구 : 518 , 상무62 , 상무63 상무지구종점 : 상무62 상무시민공원 : 지원25 , 518 , 상무63 상무해광한신아파트 : 지원45 , 상무63 , 지원25",https://tour.gwangju.go.kr/home/tour/info/sports.cs?act=view&infoId=1240
gwangju_tour,sports.cs:1281,광주광역시립 무등도서관,[종합자료실/열람실] 평일 09:00~22:00 / 주말 09:00~17:00 [어린이실/디지털자료실] 평일 09:00~18:00 / 주말 09:00~17:00 [장애인실/다문화실/아메리칸코너] 평일 09:00~18:00 / 주말 - 휴실,"매월 두번째, 네번째 월요일, 관공서의 공휴일 (단. 일요일은 개관) / 도서관의 사정으로 관장이 지정하여 공고하는 날",무료,"주차 가능 (07:00 ~ 23:00, 101면, 승용차요일제 시행)",,"문화중 : 운림35 , 지원15 , 문흥18 , 운림54 무등도서관 : 두암81(각화초교방향) , 운림35 , 충효187 , 석곡87 , 지원15 , 운림54 , 매월06 , 송암47 , 518 , 두암181 , 문흥39 , 두암81(무등파크방향) 광신아파트 : 진월17",https://tour.gwangju.go.kr/home/tour/info/sports.cs?act=view&infoId=1281
gwangju_tour,sports.cs:1280,광주광역시립 사직도서관,[열람실] 평일 09:00~18:00 / 주말 09:00~17:00 [종합자료실] 평일 09:00~18:00 / 주말 09:00~17:00 [어린이실] 평일 09:00~18:00 / 주말 09:00~17:00 [디지털자료실] 평일 09:00~18:00 / 주말 09:00~17:00,"매월 첫번째, 세번째 월요일, 관공서의 공휴일 (단. 일요일은 개관) / 도서관의 사정으로 관장이 지정하여 공고하는 날",,주차 가능 17대 (07:00 ~ 22:00) - 승용차 요일제 시행,,기독병원 : 금남55 학강초교 : 금남55 양림교 : 금남55 학강교 : 금남55,https://tour.gwangju.go.kr/home/tour/info/sports.cs?act=view&infoId=1280
gwangju_tour,load.cs:258,동적골 생태탐방로,24시간,없음,,,,"지산유원지입구 : 1000 , 두암81(무등파크방향) , 두암81(각화초교방향) 지산유원지 : 1000 , 두암81(무등파크방향) , 두암81(각화초교방향)",https://tour.gwangju.go.kr/home/tour/info/load.cs?act=view&infoId=258
gwangju_tour,load.cs:88,무돌길,24시간,없음,,,,"각화중 : 첨단23 , 두암81(각화초교방향) , 용전86 , 두암81(무등파크방향) 각화초교 : 첨단23 , 금남55 , 송암74 , 용전86 , 금호36 , 두암81(각화초교방향) 각화무등파크 : 두암81(무등파크방향) , 송암74 , 금남55 , 금호36 , 두암81(각화초교방향)",https://tour.gwangju.go.kr/home/tour/info/load.cs?act=view&infoId=88
gwangju_tour,load.cs:203,무등산 등산로,00:00 ~ 24:00,입산통제 기간은 무등산국립공원 홈페이지에서 확인,무료,없음,,무등산국립공원(원효사) : 1187,https://tour.gwangju.go.kr/home/tour/info/load.cs?act=view&infoId=203
gwangju_tour,load.cs:202,무등산 옛길,24시간,없음,,원효사지구 : 160 증심사지구 : 448,,"호남맨션 : 1000 , 운림35 , 진월17 , 금호36 , 두암81(무등파크방향) , 두암81(각화초교방향) 장원초교(서) : 1187 , 충효187 장원초교(동) : 1187 , 두암81(각화초교방향) , 충효187",https://tour.gwangju.go.kr/home/tour/info/load.cs?act=view&infoId=202
gwangju_tour,load.cs:402,빛고을산들길,,없음,,,,"용산교(동구) : 봉선76 지원2동주민센터 : 봉선76 , 지원45 , 지원151(화순전남대병원) , 지원152(도웅리) , 지원151(화순사평) , 지원52 , 지원25 , 지원15 , 지원152(능주역) 용산지구 : 봉선27 , 송정98 소태역 : 지원25 , 지원15 , 지원45 , 지원152(도웅리) , 지원151(화순전남대병원) , 지원152(능주역) , 지원52 , 봉선76 , 지원151(화순사평)",https://tour.gwangju.go.kr/home/tour/info/load.cs?act=view&infoId=402
gwangju_tour,park/003.cs:4,중외공원,24시간,연중무휴,없음,"1,700 ㎡ (자가용 200대 수용), 비엔날레 주차장 (600대 수용)",애견동반 가능,"[버스노선] 풍암 26번 (배차간격 : 7~9분, 매월동 ↔ 우치공원) 송정 29번 (배차간격 : 9~11분, 도산동 ↔ 살레시오고) 상무 63번 (배차간격 : 14~16분, 상무지고 ↔ 전남공무원교육원) 용전 84번 (배차간격 : 14~16분, 송강정 ↔ 양동시장역) 용전 85번 (배차간격 : 14~16분, 입암 ↔ 문화예술회관) 체육고/폴리텍5대학 : 용전84 , 상무63 , 용전85 , 첨단95 , 송정29 , 문흥53 문화예술회관후문 : 용전84 , 용전85 , 첨단95 , 상무63 , 문흥53 , 송정29 운암3단지 : 송정29 , 수완49 , 봉선27 , 문흥18 , 운림51 , 금남58 , 매월16 , 수완12 , 송암72 , 상무63 운암벽산블루밍 : 봉선27 , 매월16 , 송암72 , 수완49 , 문흥18 , 수완12 , 금남58 , 운림51",https://tour.gwangju.go.kr/home/tour/info/park/003.cs?act=view&infoId=4
gwangju_tour,park/003.cs:278,풍암생활체육공원,00:00 ~ 24:00,없음,무료,주차시설 있음,애견동반 가능,"원광대한방병원 : 대촌71 , 송암47 , 순환01(운천저수지방향) , 진월78 , 지원45 , 진월75 , 순환01(시청방향) 서구국민체육센터 : 금남59 풍암우미아파트 : 진월75 , 송암47 , 금남59 , 진월78 , 순환01(운천저수지방향) , 지원45",https://tour.gwangju.go.kr/home/tour/info/park/003.cs?act=view&infoId=278
gwangju_tour,park/003.cs:279,풍암호수,00:00 ~ 24:00,없음,무료,주차시설 있음,애견동반 가능,"월드컵경기장 정문 : 금남59 풍암저수지 : 송암47 , 진월75 , 진월78 , 지원45 , 대촌71 , 금남59 월드컵경기장주차장 : 금남59",https://tour.gwangju.go.kr/home/tour/info/park/003.cs?act=view&infoId=279
gwangju_tour,park/003.cs:1168,상무시민공원,이용시간 및 제약사항 없음 ※ 체육시설 이용시 사전허가와 사용료 부과,없음,없음 ※ 체육시설 이용시 사전허가와 사용료 부과,있음(2개소 250대),애견동반 가능,"지원25, 지원45, 운림50, 상무63 상무해광한신아파트 : 상무63 , 지원25 , 지원45 일가정양립지원본부 : 지원45 , 일곡38 상무시민공원 : 상무63 , 518 , 지원25 계수초교 : 순환01(시청방향) , 상무63 , 상무62 , 순환01(운천저수지방향) , 지원45",https://tour.gwangju.go.kr/home/tour/info/park/003.cs?act=view&infoId=1168
gwangju_tour,park/003.cs:272,운천호수,00:00 ~ 24:00,없음,,,,"운천저수지 : 송암72 , 금호46 , 첨단20 , 운림50 , 대촌270 , 송암73 , 순환01(시청방향) , 지원45 , 마을760 , 순환01(운천저수지방향) 운천역 : 송정19 , 매월16 , 대촌69 상무지구입구 : 순환01(시청방향) , 대촌69 , 송정19 , 첨단20 , 대촌270 , 금호46 , 매월16",https://tour.gwangju.go.kr/home/tour/info/park/003.cs?act=view&infoId=272
gwangju_tour,park/003.cs:5,광주공원,,없음,,있음,애견동반 가능,"향교 : 수완12 , 송암74 , 진월07 , 대촌170 , 매월06 , 지원45 중앙대교(서) : 송암74 , 수완12 , 지원45 광주공원 : 금남59 중앙대교(동) : 금남55",https://tour.gwangju.go.kr/home/tour/info/park/003.cs?act=view&infoId=5
gwangju_tour,nature.cs:1286,운천저수지,이용시간 및 제약사항 없음,없음,,,,"경유버스 : 순환01, 첨단20, 지원45, 금호46, 송암72, 송암73, 대촌270 , 운림50, 풍암16, 송정19, 대촌69 운천저수지 : 운림50 , 대촌270 , 첨단20 , 마을760 , 금호46 , 지원45 , 순환01(시청방향) , 송암73 , 송암72 , 순환01(운천저수지방향) 상무중 : 대촌270 , 순환01(시청방향) , 첨단20 , 마을760 , 금호46 , 송암73 , 지원45 , 운림50 , 송암72 금호베어스타운 : 마을760",https://tour.gwangju.go.kr/home/tour/info/nature.cs?act=view&infoId=1286
gwangju_tour,nature.cs:1045,승촌보 유채꽃밭,,연중무휴 24시간,무료,무료,애견동반 가능,없음 노안남초교 : 진곡196,https://tour.gwangju.go.kr/home/tour/info/nature.cs?act=view&infoId=1045
gwangju_tour,nature.cs:209,어등산,00:00 ~ 24:00,없음,없음,,,"서봉마을 : 선운14 , 선운101(송산유원지) , 송정296 , 선운101(시립인광병원) , 봉선37 , 임곡90 , 송정197 , 일곡38",https://tour.gwangju.go.kr/home/tour/info/nature.cs?act=view&infoId=209
gwangju_tour,nature.cs:198,개금산,이용시간 및 제약사항 없음,없음,없음,,,"경유버스 : 풍암16, 송암73, 풍암26, 일곡28, 금남59, 대촌270, 대촌71, 진월77, 풍암61 화훼단지 : 진월77 , 매월26 , 금남59 , 대촌270 , 일곡28 , 대촌71 , 매월16 , 매월06 대동고 : 매월06 , 매월61(세하) , 대촌71 , 대촌270 , 금남59 , 일곡28 , 진월77 , 매월61(칠석) , 매월16 , 매월26 서부자동차매매단지 : 매월61(칠석) , 매월61(세하)",https://tour.gwangju.go.kr/home/tour/info/nature.cs?act=view&infoId=198
gwangju_tour,nature.cs:199,금봉산(송정공원),00:00 ~ 24:00,없음,무료,,,"소촌라인2차아파트 : 첨단40 소촌남계길 : 첨단40 아리랑고개 : 진곡196 , 임곡290 , 송정29 , 송정98 , 마을720 , 첨단20 , 송정33 , 첨단40 , 선운101(송산유원지) , 선운101(시립인광병원) 송정I.C : 송정29 , 선운101(송산유원지) , 임곡290 , 송정33 , 송정98 , 선운101(시립인광병원) , 진곡196 , 첨단20 , 마을720 , 첨단40",https://tour.gwangju.go.kr/home/tour/info/nature.cs?act=view&infoId=199
gwangju_tour,nature.cs:204,백마산,00:00 ~ 24:00,없음,무료,,,"동하 : 대촌69 , 상무64 , 대촌270 세하동 : 순환01(시청방향) , 상무64 , 순환01(운천저수지방향) , 진월77 , 매월61(칠석) , 운림50 , 매월61(세하)",https://tour.gwangju.go.kr/home/tour/info/nature.cs?act=view&infoId=204
gwangju_tour,history.cs:117,광주 구 수피아여학교 커티스메모리얼홀,06:00 ~ 22:00,없음,,있음,,"기독병원 : 금남55 수피아여고 : 금남55 석산고 : 금남55 양림휴먼시아1차 : 진월17 , 금남59 , 봉선76 , 송정98 , 순환01(운천저수지방향) , 첨단95 , 봉선27 , 지원25 , 지원56",https://tour.gwangju.go.kr/home/tour/info/history.cs?act=view&infoId=117
gwangju_tour,history.cs:99,광주 북동천주교회,06:00 ~ 22:00,없음,,있음,,"수창초교후문 : 금남58 , 봉선37 , 진월07 광주일고 : 일곡38 , 송정19 , 1000 , 유덕65 , 수완49 , 첨단95 , 518 , 두암81(무등파크방향) , 운림51 , 첨단09 , 문흥39 , 금호36 , 두암81(각화초교방향) , 진월07",https://tour.gwangju.go.kr/home/tour/info/history.cs?act=view&infoId=99
gwangju_tour,history.cs:141,김봉호 가옥,10:00 ~ 17:00,없음,,,,"하남초교 : 선운101(시립인광병원) , 선운101(송산유원지) , 수완12 , 송암68 흑석사거리(서) : 선운101(송산유원지) , 송정33 , 임곡89 , 선운101(시립인광병원) , 수완12 , 첨단20 , 첨단94 , 첨단92 하남홈플러스 : 임곡290 , 송정33 단전 : 첨단94 , 첨단20",https://tour.gwangju.go.kr/home/tour/info/history.cs?act=view&infoId=141
gwangju_tour,history.cs:96,박용철생가(용아생가),10:00 ~ 17:00,없음,,,,"중앙초교 : 마을720 , 상무62 , 봉선37 , 마을700 정광고입구 : 마을720 , 마을701 , 상무62 , 봉선37 , 마을700 소촌서라아파트 : 마을720 , 봉선37 , 상무62 , 마을700 송정한전 : 일곡38 , 봉선37 , 마을720-1 , 송정100 , 송정93 , 임곡90 , 송정296 , 선운101(송산유원지) , 마을701 , 송정197 , 선운101(시립인광병원)",https://tour.gwangju.go.kr/home/tour/info/history.cs?act=view&infoId=96
gwangju_tour,history.cs:1260,서강사,,없음,,,,"송림주택 : 운림50 , 봉선37 , 일곡28 , 지원56 방림교 : 봉선76 우영아파트 : 봉선76 라인효친 : 봉선76 , 봉선37 , 지원56 , 운림50 , 일곡28",https://tour.gwangju.go.kr/home/tour/info/history.cs?act=view&infoId=1260
gwangju_tour,history.cs:1257,선교기념비,상시개방,연중무휴,,있음,,"천동(광산구) : 임곡89 , 임곡91 , 임곡290 두동 : 임곡91 고룡정보산업학교 : 임곡290 , 임곡91 , 임곡89 보화촌 : 임곡89 , 임곡91 , 임곡290",https://tour.gwangju.go.kr/home/tour/info/history.cs?act=view&infoId=1257
gwangju_tour,culture.cs:1244,광주광역시 남구문화원,09:00~18:00,"토요일, 일요일, 공휴일",,있음,,"남구문화예술회관 : 봉선37 , 봉선27 , 지원56 , 송정98 봉선2동주민센터 : 지원56 , 송정98 , 봉선37 , 봉선27 유안초교 : 봉선76 봉선삼익아파트(남) : 봉선27 , 봉선76 , 지원56 , 봉선37 , 일곡28",https://tour.gwangju.go.kr/home/tour/info/culture.cs?act=view&infoId=1244
gwangju_tour,culture.cs:1247,광주광역시 동구문화원,09:00~18:00,"토요일, 일요일",,있음,,"예술의거리입구 : 좌석02 , 금남58 , 419 , 송정98 , 지원151(화순전남대병원) , 문흥39 , 수완49 , 송암74 , 매월06 , 금남57 , 지원151(화순사평) , 진월07 , 대촌170 , 용전184(대전면방향) , 대촌70 , 용전184(원천리방향) 전남여고 : 송암74 , 지원152(도웅리) , 운림54 , 금남58 , 지원52 , 지원152(능주역) , 419 , 두암81(각화초교방향) , 518 , 금남57 , 수완49 , 석곡87 , 봉선37 , 두암81(무등파크방향)",https://tour.gwangju.go.kr/home/tour/info/culture.cs?act=view&infoId=1247
gwangju_tour,culture.cs:1249,광주광역시 북구문화원,09:00~18:00,"토요일, 일요일, 공휴일",,있음,,"북구청 : 일곡28 , 518 , 금남55 , 일곡38 , 문흥80 , 두암81(무등파크방향) , 용봉83 , 송정19 , 봉선27 , 두암81(각화초교방향) 북구차량등록민원실 : 용전184(대전면방향) , 금남55 , 용전184(원천리방향) , 문흥18 , 봉선27 전남대후문(남) : 용전184(원천리방향) , 문흥18 , 진월07 , 용전184(대전면방향)",https://tour.gwangju.go.kr/home/tour/info/culture.cs?act=view&infoId=1249
gwangju_tour,culture.cs:1245,광주광역시 서구문화원,09:00~18:00,"토요일, 일요일, 공휴일",,있음,,"서구문화센터 : 매월06 , 순환01(시청방향) , 마을760 , 대촌270 , 송암72 , 매월61(세하) , 송암74 , 매월26 , 매월61(칠석) , 지원45 , 순환01(운천저수지방향) , 진월17 , 진월75 서창농협 : 진월75 , 진월17 , 매월16 , 진월77 , 금호46 , 금호36",https://tour.gwangju.go.kr/home/tour/info/culture.cs?act=view&infoId=1245
gwangju_tour,culture.cs:1242,광주비엔날레전시관,10:00~18:00 (관람종료 1시간전 입장 마감),매주 월요일,,있음,애견동반 불가능,"비엔날레전시관 : 419 , 상무64 , 용봉83 비엔날레전시관입구 : 용봉83 , 419 용봉현대3차아파트 : 상무64 , 용봉83",https://tour.gwangju.go.kr/home/tour/info/culture.cs?act=view&infoId=1242
gwangju_tour,culture.cs:82,광주시립미술관,"평일, 주말, 공휴일 : 10:00~18:00 (*단체관람 20명 이상일 경우 쾌적한 관람을 위해서 사전 연락을 하여 주시고 특히 전시안내를 원하는 경우 사전 연락을 꼭 하여 주시기 바랍니다.)","매주 월요일, 1월1일, 명절당일 휴관",관람료 별도 공지 시까지 무료입장 (*특별 기획전시 중 유료 전시회의 경우 별도의 입장료를 받을 수 있음),"있음(장애인, 임산부 주차시설 있음)",애견동반 불가능,"-버스 광주비엔날레관 하차 용봉34, 상무64 체육고/폴리텍5대학 : 용전84 , 상무63 , 용전85 , 첨단95 , 송정29 , 문흥53 문화예술회관후문 : 용전84 , 용전85 , 첨단95 , 상무63 , 문흥53 , 송정29 운암3단지 : 송정29 , 수완49 , 봉선27 , 문흥18 , 운림51 , 금남58 , 매월16 , 수완12 , 송암72 , 상무63 운암벽산블루밍 : 봉선27 , 매월16 , 송암72 , 수완49 , 문흥18 , 수완12 , 금남58 , 운림51",https://tour.gwangju.go.kr/home/tour/info/culture.cs?act=view&infoId=82
gwangju_tour,food.cs:1301,거목한정식,11:00 ~ 22:00,연중무휴,,있음,,"중앙대교(동) : 금남55 중앙대교(서) : 송암74 , 지원45 , 수완12 향교 : 진월07 , 지원45 , 수완12 , 송암74 , 매월06 , 대촌170 서남대병원 : 금남55",https://tour.gwangju.go.kr/home/tour/info/food.cs?act=view&infoId=1301
gwangju_tour,food.cs:1313,계림동잔치집,11:00 ~ 21:00,명절 당일,,주차 가능(6대),,"중흥1동주민센터 : 1187 , 일곡38 , 금남57 4.19기념관 : 지원151(화순전남대병원) , 지원151(화순사평) , 금남55 , 송정19 , 송정98 , 518 , 용봉83 순복음교회 : 1187 , 용봉83 , 지원151(화순전남대병원) , 송정19 , 518 , 금남57 , 송정98 , 지원151(화순사평) , 금남55 구시청사거리 : 일곡38",https://tour.gwangju.go.kr/home/tour/info/food.cs?act=view&infoId=1313
gwangju_tour,food.cs:1111,계절따라,9:00~22:00,없음,,,,"조선대 : 운림35 , 1000 , 수완03 , 일곡28 , 진월17 , 봉선27 , 금호36 , 문흥80 , 지원15 , 순환01(시청방향) , 금남55 , 순환01(운천저수지방향) 서남동주민센터 : 금남57 , 좌석02 , 송정98 , 석곡87 , 매월61(세하) , 매월61(칠석) , 금남55 , 419 , 1000 , 금호36 , 문흥80 조선대공과대학 : 일곡28 , 송정98 , 봉선27 , 진월17 , 좌석02 , 지원15 , 운림35",https://tour.gwangju.go.kr/home/tour/info/food.cs?act=view&infoId=1111
gwangju_tour,food.cs:1093,공오일팔,19:00~새벽2:00,없음,,,,"문화전당역 : 금남55 , 518 , 1187 , 매월61(칠석) , 문흥80 , 매월61(세하) , 금호36 , 송정98 , 수완12 , 419 , 운림51 , 지원151(화순사평) , 금남57 , 1000 , 지원151(화순전남대병원) , 첨단95 , 첨단09 , 금남58 , 금남59 , 지원45 전남대병원오거리 : 지원152(능주역) , 수완49 , 첨단95 , 지원151(화순전남대병원) , 봉선37 , 수완12 , 지원52 , 금남59 , 지원152(도웅리) , 지원45 , 운림51 , 지원151(화순사평) , 운림54 양림교 : 금남55",https://tour.gwangju.go.kr/home/tour/info/food.cs?act=view&infoId=1093
gwangju_tour,food.cs:1069,관가,매일 12:00~21:30,명절 휴무,,50대,,"연진회미술원 : 운림51 , 운림54 , 운림35 , 수완49 , 수완12 , 운림50 , 첨단09 , 봉선76 , 좌석02 홍림교 : 수완12 , 운림50 , 운림54 , 운림51 , 첨단09 , 좌석02 , 봉선76 , 운림35 , 수완49 운림중 : 운림54 , 좌석02 , 운림35 , 봉선76 , 수완12 , 첨단09 , 운림50 , 운림51 , 수완49 학동평화맨션 : 봉선76 , 운림50 , 수완12 , 운림54 , 첨단09 , 운림35 , 수완49 , 좌석02 , 운림51",https://tour.gwangju.go.kr/home/tour/info/food.cs?act=view&infoId=1069
gwangju_tour,sports.cs:1279,광주광역시립 산수도서관,평일 09:00~22:00 / 주말 09:00~17:00,"매월 첫번째, 세번째 월요일, 관공서의 공휴일 (단, 명절이 아닌 일요일은 개관) / 도서관의 사정으로 관장이 지정하여 공고하는 날",,있음,,"산수동우체국 : 금남55 산수시장 : 1187 산수오거리 : 송암74 , 수완03 , 1000 , 봉선27 , 일곡28 , 문흥80 , 지원15 , 순환01(시청방향) , 충효187 , 순환01(운천저수지방향)",https://tour.gwangju.go.kr/home/tour/info/sports.cs?act=view&infoId=1279
gwangju_tour,sports.cs:1243,광주광역시청소년수련원,,없음,,있음,,"쌍촌시영아파트 : 송암73 , 진월77 , 매월61(칠석) , 매월61(세하) , 첨단20 , 금호36 , 운림50 광주학생독립운동기념관 : 운림50 , 첨단20 , 진월77 , 매월61(칠석) , 매월61(세하) , 송암73 , 금호36 화정남초교 : 금남59 , 송암74 보건환경연구원 : 송암73 , 첨단20 , 매월61(칠석) , 운림50 , 매월61(세하) , 진월77",https://tour.gwangju.go.kr/home/tour/info/sports.cs?act=view&infoId=1243
gwangju_tour,sports.cs:1246,광주시청 야외음악당,,없음,,있음,,"시청 : 금호46 , 운림50 , 상무62 , 지원45 , 1000 , 상무63 , 518 , 지원25 , 일곡38 , 상무64 , 첨단22 , 송암68 , 좌석02 , 매월16 , 임곡89 , 순환01(운천저수지방향) , 순환01(시청방향) 한국은행 : 선운14 , 지원25 , 금호46 , 운림50 , 첨단22 , 1000 , 좌석02 , 상무63 , 일곡38 , 지원45 , 518 , 상무62 , 상무64 , 매월16",https://tour.gwangju.go.kr/home/tour/info/sports.cs?act=view&infoId=1246
gwangju_tour,sports.cs:1272,광주실내수영장,"월~토 05:30 ~ 20:30 일요일 및 공휴일 07:00 ~ 18:00 * 정화시간 8:00 ~ 9:00, 12:00 ~ 13:00, 16:00 ~ 17:00(여름성수기) 이용 제한",둘째주 일요일,유료,"141대(일반 133, 장애인 8)",,"염주체육관 : 송암74 , 매월26 , 첨단20 , 매월16 , 송암47 럭키아파트 : 송암74 염주주공 : 매월26 , 첨단20 , 송암47 , 매월16 월드컵경기장 : 매월26 , 매월16 , 매월06 , 첨단20 , 송암74",https://tour.gwangju.go.kr/home/tour/info/sports.cs?act=view&infoId=1272
gwangju_tour,sports.cs:1274,광주패밀리랜드 눈썰매장,* 성인/청소년/어린이 눈썰매장 10:00 ~ 17:00,없음,"공원입장 성인 12,000원 / 청소년 11,000원 / 어린이 10,000원",있음,애견동반 가능,,https://tour.gwangju.go.kr/home/tour/info/sports.cs?act=view&infoId=1274
gwangju_tour,sports.cs:1276,금호평생교육관,"[열람실] 07:00~22:00 [종합자료실/어린이실/디지털자료실] 평일 09:00~18:00 / 토,일요일 09:00~17:00","매월 첫째,셋째 월요일 / 법정 공휴일 / 개관기념일(4월2일) / 특별한 사유로 관장이 정한 날 / 개관기념일",,가능(주차공간 협소),,"무진중 : 송암74 , 진월79 , 송암68 대성사거리 : 대촌170 , 진월79 , 진월07 , 진월177 , 지원45 , 매월06 , 송암68 , 대촌70 , 수완12 , 대촌71 월산초교 : 송암68 , 송암74 , 진월79 월산사거리 : 대촌70 , 진월177 , 대촌71",https://tour.gwangju.go.kr/home/tour/info/sports.cs?act=view&infoId=1276
gwangju_tour,park/003.cs:262,사직공원,00:00 ~ 24:00,없음,,,,"서남대병원 : 금남55 향교 : 진월07 , 수완12 , 지원45 , 송암74 , 매월06 , 대촌170 KBC방송국 : 매월06 , 지원45 , 수완12 , 송암74 , 진월07 , 대촌170",https://tour.gwangju.go.kr/home/tour/info/park/003.cs?act=view&infoId=262
gwangju_tour,park/003.cs:257,금남로공원,00:00 ~ 24:00,없음,무료,,,"518민주화운동기록관 : 매월61(세하) , 송정98 , 매월61(칠석) , 지원151(화순사평) , 지원151(화순전남대병원) , 1000 예술의거리입구 : 대촌70 , 수완49 , 송암74 , 매월06 , 대촌170 , 용전184(원천리방향) , 문흥39 , 용전184(대전면방향) 충장치안센터 : 지원45 , 금남59 , 금남55 , 수완12 , 진월07 , 송암74 , 매월06 , 문흥80 , 대촌70",https://tour.gwangju.go.kr/home/tour/info/park/003.cs?act=view&infoId=257
gwangju_tour,park/003.cs:1284,너릿재공원,00:00~24:00,없음,,있음,애견동반 가능,"너릿재공원 : 지원152(도웅리) , 지원152(능주역) , 지원151(화순사평) , 지원151(화순전남대병원)",https://tour.gwangju.go.kr/home/tour/info/park/003.cs?act=view&infoId=1284
gwangju_tour,park/003.cs:332,조선대학교 장미원,09:00 ~ 21:00,없음,없음,조선대학교 주차장 이용(유료),애견동반 직접문의,"조선대장미원 : 석곡87 , 매월61(칠석) , 419 , 금남57 , 매월61(세하) 조선대병원입구 : 석곡87 , 매월61(칠석) , 419 , 매월61(세하) , 금남57 조선대해오름관 : 419 , 매월61(세하) , 매월61(칠석) , 금남57 조선대대학원 : 419 , 매월61(칠석) , 금남57 , 매월61(세하)",https://tour.gwangju.go.kr/home/tour/info/park/003.cs?act=view&infoId=332
gwangju_tour,park/003.cs:6,청풍쉼터,24 시간 개방,없음,,있음,애견동반 불가능,"4수원지 : 1187 , 충효188 , 충효187 4수원지위 : 1187 , 충효187 , 충효188",https://tour.gwangju.go.kr/home/tour/info/park/003.cs?act=view&infoId=6
gwangju_tour,park/003.cs:276,평화공원,상시개방,상시개방,없음,상무주차장(유료),애견동반 가능,"5.18기념공원 : 지원45 , 운림50 , 선운14 한국국토정보공사 : 1000 , 금호46 , 선운14 , 좌석02 , 운림50 , 첨단22 , 지원25 , 상무62 , 상무63 , 상무64 , 518 , 매월16 , 순환01(운천저수지방향) , 지원45 , 일곡38 한국은행 : 운림50 , 상무62 , 상무63 , 좌석02 , 지원45 , 일곡38 , 상무64 , 매월16 , 지원25 , 첨단22 , 선운14 , 1000 , 금호46 , 518",https://tour.gwangju.go.kr/home/tour/info/park/003.cs?act=view&infoId=276
gwangju_tour,nature.cs:205,백석산,00:00 ~ 24:00,없음,무료,,,"김대중컨벤션센터(마륵)역 : 송암73 , 송정19 , 대촌69 , 대촌270 , 운림50 , 상무62 , 순환01(시청방향) , 첨단20 , 상무64 , 좌석02 , 1000 , 순환01(운천저수지방향) , 일곡38 월암 : 대촌270 , 상무62 , 송정19 , 상무64 , 운림50 , 대촌69 , 1000 , 송암73 , 일곡38 , 첨단20 김대중컨벤션센터(마륵)역(북) : 일곡38 , 좌석02 , 순환01(운천저수지방향) , 1000 , 상무64",https://tour.gwangju.go.kr/home/tour/info/nature.cs?act=view&infoId=205
gwangju_tour,nature.cs:206,복룡산,상시 개방,없음,,,,,https://tour.gwangju.go.kr/home/tour/info/nature.cs?act=view&infoId=206
gwangju_tour,nature.cs:208,석문산,00:00 ~ 24:00,없음,무료,,,,https://tour.gwangju.go.kr/home/tour/info/nature.cs?act=view&infoId=208
gwangju_tour,nature.cs:210,용진산,상시 개방,없음,무료,,,,https://tour.gwangju.go.kr/home/tour/info/nature.cs?act=view&infoId=210
gwangju_tour,nature.cs:27,용추계곡,하절기 : 04:00~17:00 동절기 : 04:00~16:00,통제기간은 무등산 국립공원 홈페이지 공지사항 참고,무료,없음,애견동반 불가능,,https://tour.gwangju.go.kr/home/tour/info/nature.cs?act=view&infoId=27
gwangju_tour,nature.cs:28,원효계곡,04:00~17:00(하절기:16:00),통제기간은 무등산 국립공원 홈페이지 공지사항 참고,무료,없음,애견동반 불가능,안양사 : 1187,https://tour.gwangju.go.kr/home/tour/info/nature.cs?act=view&infoId=28
gwangju_tour,history.cs:1449,소심당 조아라기념관,,없음,,,,기독병원 : 금남55 학강초교 : 금남55 양림교 : 금남55 학강교 : 금남55,https://tour.gwangju.go.kr/home/tour/info/history.cs?act=view&infoId=1449
gwangju_tour,history.cs:137,약사암,05:00 ~ 18:30,없음,,주차시설 보유,,,https://tour.gwangju.go.kr/home/tour/info/history.cs?act=view&infoId=137
gwangju_tour,history.cs:1254,양림동 선교사 묘지,,없음,,,,"기독병원 : 금남55 서남대병원 : 금남55 KBC방송국 : 지원45 , 송암74 , 대촌170 , 수완12 , 매월06 , 진월07 향교 : 지원45 , 송암74 , 매월06 , 수완12 , 진월07",https://tour.gwangju.go.kr/home/tour/info/history.cs?act=view&infoId=1254
gwangju_tour,history.cs:180,오웬기념각,평일 00:00 ~ 24:00(062-650-8042로 사전요청시 오픈 가능),없음,,,,학강초교 : 금남55 기독병원 : 금남55 양림교 : 금남55 학강교 : 금남55,https://tour.gwangju.go.kr/home/tour/info/history.cs?act=view&infoId=180
gwangju_tour,history.cs:95,오지호생가,,없음,,,,"단사공원 : 두암81(무등파크방향) , 1000 , 두암81(각화초교방향) 동산초교옆 : 1000 , 금호36 동산초교 : 운림35 , 진월17",https://tour.gwangju.go.kr/home/tour/info/history.cs?act=view&infoId=95
gwangju_tour,history.cs:97,우일선 선교사사택,09:00 ~ 17:00,없음,,,,기독병원 : 금남55 수피아여고 : 금남55 석산고 : 금남55 학강초교 : 금남55,https://tour.gwangju.go.kr/home/tour/info/history.cs?act=view&infoId=97
gwangju_tour,culture.cs:85,광주전통문화관,평일 상시운영,없음,"- 체험: 체험프로그램에 따라 상이함. - 무료관람 : 매주 토요일, 일요일 오후 3시 문화공연 7월 혹서기, 1월 혹한기 공연 휴식",있음,애견동반 직접문의,"성촌 : 운림54 , 봉선76 , 운림35 , 운림51 , 운림50 , 수완49 , 수완12 , 좌석02 무등산국립공원(증심사) : 수완49 , 봉선76 , 운림51 , 운림50 , 운림54 , 첨단09 , 좌석02 , 운림35 , 수완12 학운초교 : 운림50 , 수완12 , 운림51 , 수완49 , 운림54 , 봉선76 , 운림35",https://tour.gwangju.go.kr/home/tour/info/culture.cs?act=view&infoId=85
gwangju_tour,culture.cs:1252,금곡동 제철유적,,없음,,없음,,,https://tour.gwangju.go.kr/home/tour/info/culture.cs?act=view&infoId=1252
gwangju_tour,culture.cs:1454,나눔하우스 2호점 ‘마을미술관’,,없음,,,,"월곡2동주민센터 : 상무62 , 일곡10 산정중입구 : 선운101(시립인광병원) , 문흥18 , 임곡290 , 상무62 , 송정33 , 선운101(송산유원지) , 송암68 , 마을720 산정초교 : 선운101(시립인광병원) , 송암68 , 문흥18 , 일곡10 , 마을720 , 선운101(송산유원지) 월곡시장 : 문흥18 , 금호46 , 마을700 , 진곡196 , 첨단40 , 봉선37 , 마을701 , 송정29 , 마을720 , 첨단20 , 송정98",https://tour.gwangju.go.kr/home/tour/info/culture.cs?act=view&infoId=1454
gwangju_tour,culture.cs:1452,다모아어린이공원 ‘홍범도 장군 흉상’,,없음,,,,"월곡2동주민센터 : 상무62 , 일곡10 월곡시장 : 봉선37 , 마을701 , 첨단40 , 금호46 , 송정98 , 마을720 , 송정29 , 첨단20 , 마을700 , 진곡196 , 문흥18 월곡일신아파트 : 금호46 , 첨단20 , 송정98 , 진곡196 , 문흥18 , 봉선37 , 마을700 , 마을720 , 송정29 , 첨단40 , 마을701 산정중입구 : 선운101(송산유원지) , 마을720 , 선운101(시립인광병원) , 송정33 , 임곡290 , 송암68 , 문흥18 , 상무62",https://tour.gwangju.go.kr/home/tour/info/culture.cs?act=view&infoId=1452
gwangju_tour,culture.cs:1085,드영미술관,3월~9월 10:00~18:00 / 10월~2월 10:00~17:00 (전시입장은 관람종료 30분전까지),"매주 월요일, 신정, 설날·추석당일",무료(20명이상의 단체 관람객의 경우 전화를 통해 사전예약),있음,애견동반 불가능,"성촌 : 수완12 , 운림35 , 수완49 , 운림51 , 운림50 , 운림54 , 봉선76 , 좌석02 무등산국립공원(증심사) : 좌석02 , 수완12 , 운림54 , 운림51 , 수완49 , 봉선76 , 운림35 , 첨단09 , 운림50 학운초교 : 운림51 , 운림50 , 수완12 , 수완49 , 운림54 , 운림35 , 봉선76",https://tour.gwangju.go.kr/home/tour/info/culture.cs?act=view&infoId=1085
gwangju_tour,culture.cs:649,만취정,00:00 ~ 24:00,없음,,,,"남동 : 송정197 , 송정296 용호(광산구) : 송정197 , 송정296",https://tour.gwangju.go.kr/home/tour/info/culture.cs?act=view&infoId=649
gwangju_tour,food.cs:1429,광주옥1947,11:00 ~ 21:00 ※ 브레이크타임 15:00~17:00,명절휴무,,있음,애견동반 불가능,"광주시립미술관상록전시관 : 1187 상록회관 : 금호36 , 문흥39 , 송암72 , 송정19 , 봉선37 , 1187 , 송암68 담배인삼공사 : 1187 서구청 : 송암72 , 금호36 , 문흥39 , 송정19 , 봉선37 , 송암68",https://tour.gwangju.go.kr/home/tour/info/food.cs?act=view&infoId=1429
gwangju_tour,food.cs:1206,광후장어,매일 11:00~22:00,명절 휴무,,,,"골옷교 : 일곡10 , 송암72 , 수완49 , 선운101(시립인광병원) , 선운101(송산유원지) 하완마을 : 수완49 , 수완03 수완우미린2차 : 선운101(시립인광병원) , 송정33 , 수완03 , 선운101(송산유원지) , 문흥39 , 금호46 , 송암72 경제고용진흥원 : 첨단92",https://tour.gwangju.go.kr/home/tour/info/food.cs?act=view&infoId=1206
gwangju_tour,food.cs:1184,국현옥궁중팥죽,매일 09:30~20:30,일요일 정기휴무,,,,"운암초교 : 수완49 , 금남58 , 첨단192 , 양산60 , 상무63 , 문흥18 운암3단지 : 금남58 , 매월16 , 상무63 , 봉선27 , 운림51 , 수완49 , 문흥18 , 수완12 , 송암72 , 송정29 서영대 : 수완49 , 금남58 , 문흥18 , 상무63 , 첨단192 , 양산60 운암중 : 운림51 , 송정29 , 송암72 , 매월16 , 봉선27 , 수완12",https://tour.gwangju.go.kr/home/tour/info/food.cs?act=view&infoId=1184
gwangju_tour,food.cs:1303,금강식육식당,11:00 ~ 22:00,둘째·넷째 일요일 (12월 예외 전화문의),,있음,,"동천동주민센터 : 첨단22 , 지원151(화순전남대병원) , 상무63 , 상무62 , 문흥39 , 지원151(화순사평) 버들주공1단지 : 유덕65 , 지원25 칠성마을사거리 : 상무62 , 첨단22 , 문흥39 , 상무63",https://tour.gwangju.go.kr/home/tour/info/food.cs?act=view&infoId=1303
gwangju_tour,food.cs:1307,금다연한정식,11:30 ~ 22:00,명절당일 휴무 (전화로 문의),,있음,,"한국국토정보공사 : 좌석02 , 518 , 1000 , 상무64 , 선운14 , 순환01(운천저수지방향) , 상무63 , 지원45 , 일곡38 , 운림50 , 첨단22 , 지원25 , 매월16 , 금호46 , 상무62 한국수자원공사 : 일곡38 , 상무62 , 운림50 , 좌석02 , 518 , 상무64 , 지원25 , 순환01(운천저수지방향) , 1000 , 금호46 , 첨단22 , 매월16 운천초교 : 상무64 , 518 , 상무62 , 매월16 , 일곡38 라마다호텔 : 선운14 , 송암73",https://tour.gwangju.go.kr/home/tour/info/food.cs?act=view&infoId=1307
gwangju_tour,sports.cs:1453,나눔하우스 1호점 ‘주민관광청’,,없음,,,,"월곡2동주민센터 : 상무62 , 일곡10 월곡시장 : 금호46 , 첨단20 , 진곡196 , 마을720 , 송정98 , 송정29 , 마을700 , 봉선37 , 마을701 , 문흥18 , 첨단40 산정중입구 : 문흥18 , 선운101(송산유원지) , 마을720 , 선운101(시립인광병원) , 임곡290 , 상무62 , 송암68 , 송정33 월곡일신아파트 : 문흥18 , 마을700 , 첨단40 , 마을701 , 첨단20 , 송정98 , 마을720 , 진곡196 , 송정29 , 봉선37 , 금호46",https://tour.gwangju.go.kr/home/tour/info/sports.cs?act=view&infoId=1453
gwangju_tour,sports.cs:1145,무등산 수박마을,,없음,,,,"금곡 : 충효188 , 충효187",https://tour.gwangju.go.kr/home/tour/info/sports.cs?act=view&infoId=1145
gwangju_tour,sports.cs:1167,빛고을농촌테마공원,오전 9시~ 오후6시,"1월1일, 설연휴, 추석연휴, 매주월요일",무료,무료 공영주차장,애견동반 가능,"수춘 : 대촌70 , 대촌170 양과동 : 대촌70 , 대촌170",https://tour.gwangju.go.kr/home/tour/info/sports.cs?act=view&infoId=1167
gwangju_tour,sports.cs:1239,상무시민공원 에너지파크,연중무휴,,,,,"상무해광한신아파트 : 지원45 , 지원25 , 상무63 계수초교 : 상무63 , 순환01(시청방향) , 순환01(운천저수지방향) , 지원45 , 상무62 상무지구종점 : 상무62 상무지구 : 518 , 상무63 , 상무62",https://tour.gwangju.go.kr/home/tour/info/sports.cs?act=view&infoId=1239
gwangju_tour,sports.cs:1275,슈퍼몽테마파크(아틀란티스 광주점),11:00~19:30,설날 및 추석 당일,"- 대인 : 종일권 10,000원, 반일권 5,000원 - 소인 : 종일권 25,000원, 반일권 13,000원 - 할인정보:온라인 예매시 약 30% 할인 (네이버 예약)","있음(지상, 지하 50대)",,"성덕마을 : 문흥39 , 마을701 , 송암72 수완모아엘가 : 송정33 , 수완12 , 금호46 , 마을700 , 수완03 수완영무예다음 : 일곡10 , 마을700 장덕마을 : 송암72 , 진곡196 , 수완49",https://tour.gwangju.go.kr/home/tour/info/sports.cs?act=view&infoId=1275
gwangju_tour,sports.cs:1130,시청 어린이 안전체험관,오전 09:00 - 오후 05:00,없음,,광주시청 주차장(무료),,"시청 : 송암68 , 상무64 , 상무63 , 운림50 , 지원25 , 지원45 , 좌석02 , 매월16 , 첨단22 , 일곡38 , 1000 , 금호46 , 518 , 상무62 , 순환01(운천저수지방향) , 임곡89 , 순환01(시청방향) 한국은행 : 선운14 , 좌석02 , 첨단22 , 금호46 , 운림50 , 지원25 , 1000 , 상무62 , 일곡38 , 상무64 , 지원45 , 상무63 , 매월16 , 518",https://tour.gwangju.go.kr/home/tour/info/sports.cs?act=view&infoId=1130
gwangju_tour,park/003.cs:35,수완호수공원,항시 개방,없음,,없음,애견동반 가능,"수완모아엘가 : 마을700 , 송정33 , 금호46 , 수완12 , 수완03 광주농수산물유통센터(북) : 금호46 , 수완12 , 수완03 , 송정33 , 마을700 성덕마을 : 문흥39 , 마을701 , 송암72 광주농수산물유통센터(서) : 수완12 , 진곡196 , 수완49",https://tour.gwangju.go.kr/home/tour/info/park/003.cs?act=view&infoId=35
gwangju_tour,park/003.cs:266,쌍암공원,상시개방,없음,,있음,애견동반 가능,"한국전자통신연구원 : 첨단193 , 운림51 , 첨단30 , 첨단23 , 매월16 광주디자인센터 : 송정33 과기원 : 운림51 , 송정33 , 첨단193 , 첨단23 , 첨단30 , 매월16 광주교통방송 : 문흥39 , 첨단40 , 봉선27",https://tour.gwangju.go.kr/home/tour/info/park/003.cs?act=view&infoId=266
gwangju_tour,park/003.cs:267,양산호수공원,상시개방,해당없음,해당없음,,,"KT&G광주제조창 : 용전84 , 양산60 , 첨단95 , 첨단30 , 첨단23 , 금남57 , 첨단193 양산호수공원 : 용전84 , 첨단23 , 첨단95 , 첨단193 , 양산60 , 첨단30 , 금남57 연제주공아파트 : 용전85 롯데칠성 : 용전84 , 금남57 , 첨단23 , 첨단95 , 첨단193 , 첨단30 , 양산60",https://tour.gwangju.go.kr/home/tour/info/park/003.cs?act=view&infoId=267
gwangju_tour,park/003.cs:1081,전평제 근린공원,,없음,,,,"대동고 : 금남59 , 매월26 , 매월06 , 진월77 , 일곡28 , 대촌270 , 매월61(칠석) , 대촌71 , 매월61(세하) , 매월16 매월동(동) : 진월77 , 매월61(세하) , 매월61(칠석) 매월동(북) : 대촌71 , 대촌270 , 매월26 , 매월06 , 금남59 , 일곡28 , 매월16",https://tour.gwangju.go.kr/home/tour/info/park/003.cs?act=view&infoId=1081
gwangju_tour,park/003.cs:277,푸른길공원,00:00 ~ 24:00,없음,,,,"남광주농협 : 봉선27 , 지원56 , 순환01(시청방향) , 지원25 , 수완03 , 첨단95 , 송정98 , 진월17 , 순환01(운천저수지방향) 백운우체국 : 대촌70 , 송암68 , 진월177 , 진월07 , 매월06 , 금남55 , 진월79 , 수완12 , 순환01(시청방향) , 운림50 , 대촌170 남구청 : 송암68 , 송정98 , 운림50 , 봉선27 , 금남55 , 일곡28",https://tour.gwangju.go.kr/home/tour/info/park/003.cs?act=view&infoId=277
gwangju_tour,park/003.cs:1285,푸른길분수공원,00:00~24:00,없음,무료,,,"농장다리 : 1187 , 두암81(각화초교방향) , 송암74 , 두암81(무등파크방향) 법원입구 : 1000 , 금남55 , 지원15 , 1187 , 일곡28 , 송암74 , 봉선27 , 순환01(시청방향) 동구노인복지회관 : 송암74 , 1187 , 두암81(무등파크방향)",https://tour.gwangju.go.kr/home/tour/info/park/003.cs?act=view&infoId=1285
gwangju_tour,nature.cs:213,짚봉산,00:00 ~ 24:00,없음,무료,,,"풍암모아아파트 : 송암47 , 지원45 , 금남59 , 진월75 , 진월78 , 순환01(시청방향) , 순환01(운천저수지방향) 풍암한신아파트 : 순환01(시청방향) , 지원45 , 금남59 , 송암47 , 진월78 , 진월75 , 순환01(운천저수지방향)",https://tour.gwangju.go.kr/home/tour/info/nature.cs?act=view&infoId=213
gwangju_tour,history.cs:1255,윤상원열사 생가,상시개방,연중무휴,,있음,,"천동(광산구) : 임곡89 , 임곡91 , 임곡290 두동 : 임곡91 고룡정보산업학교 : 임곡290 , 임곡91 , 임곡89 보화촌 : 임곡89 , 임곡91 , 임곡290",https://tour.gwangju.go.kr/home/tour/info/history.cs?act=view&infoId=1255
gwangju_tour,history.cs:155,이장우 가옥,9:00 ~ 18:00,일요일,,,,양림교 : 금남55 학강초교 : 금남55 서남대병원 : 금남55 기독병원 : 금남55,https://tour.gwangju.go.kr/home/tour/info/history.cs?act=view&infoId=155
gwangju_tour,history.cs:114,장덕동 근대한옥,,없음,,,,"수완영무예다음 : 마을700 , 일곡10 수완현진에버빌1차 : 마을700 , 문흥39 , 금호46 , 송정33 , 일곡10 , 수완03 , 마을701 성덕마을 : 문흥39 , 송암72 , 마을701 장덕마을 : 진곡196 , 송암72 , 수완49",https://tour.gwangju.go.kr/home/tour/info/history.cs?act=view&infoId=114
gwangju_tour,history.cs:184,전라남도 도청 회의실,00:00 ~ 24:00,없음,,,,"문화전당역 : 1187 , 518 , 금호36 , 문흥80 , 금남55 , 매월61(칠석) , 매월61(세하) , 송정98 , 1000 , 지원151(화순전남대병원) , 금남59 , 첨단95 , 지원45 , 수완12 , 운림51 , 지원151(화순사평) , 첨단09 , 금남57 , 419 , 금남58 전남대병원오거리 : 지원152(도웅리) , 지원152(능주역) , 운림51 , 수완12 , 지원52 , 운림54 , 지원151(화순사평) , 금남59 , 지원151(화순전남대병원) , 지원45 , 첨단95 , 봉선37 , 수완49",https://tour.gwangju.go.kr/home/tour/info/history.cs?act=view&infoId=184
gwangju_tour,history.cs:1226,전일빌딩245,"09:00~22:00(동절기 09:00~21:00) 관람시설(5·18기념공간, 남도관광센터, 디지털정보도서관) 10:00~19:00 관람시설은 관람 종료 30분전까지 입장","1월1일, 설날, 추석",무료,"일반관람객 및 이용자 대상 1시간 이내 주차요금 지원(전일주차장: 동구 서석로 67, 1시간/3,500원, 초과비용 이용자 부담)",애견동반 직접문의,"국립아시아문화전당(구.도청) : 419 , 지원151(화순전남대병원) , 매월61(칠석) , 1187 , 518 , 1000 , 매월61(세하) , 금남59 , 문흥80 , 금남57 , 지원151(화순사평) , 수완12 , 운림51 , 금남55 , 지원45 , 금호36 , 첨단09 , 송정98 , 첨단95 , 좌석02 , 금남58 문화전당역 : 문흥80 , 첨단09 , 금남58 , 1000 , 금남59 , 419 , 금호36 , 금남57 , 매월61(세하) , 지원151(화순사평) , 매월61(칠석) , 지원45 , 수완12 , 송정98 , 518 , 지원151(화순전남대병원) , 운림51 , 금남55 , 1187 , 첨단95 518민주화운동기록관 : 지원151(화순전남대병원) , 매월61(세하) , 매월61(칠석) , 1000 , 지원151(화순사평) , 송정98 동구청 : 지원152(능주역) , 1187 , 금남57 , 운림54 , 금남58 , 419 , 지원52 , 수완49 , 지원152(도웅리) , 518 , 봉선37 , 석곡87",https://tour.gwangju.go.kr/home/tour/info/history.cs?act=view&infoId=1226
gwangju_tour,history.cs:113,허백련과 춘설헌,,없음,,,,,https://tour.gwangju.go.kr/home/tour/info/history.cs?act=view&infoId=113
gwangju_tour,culture.cs:101,명화동 장고분,00:00 ~ 24:00,없음,,,,"명화동 : 송정97 , 마을720-1",https://tour.gwangju.go.kr/home/tour/info/culture.cs?act=view&infoId=101
gwangju_tour,culture.cs:197,무등산 주상절리대,04:00~17:00(하절기:16:00),없음,,주차시설 있음,애견동반 불가능,용연동 : 지원52 제2수원지 : 지원52,https://tour.gwangju.go.kr/home/tour/info/culture.cs?act=view&infoId=197
gwangju_tour,culture.cs:650,무양서원,,없음,,,,"봉선 27, 첨단 192, 첨단 40, 첨단 94, 임곡 91, 첨단 09, 첨단 30, 첨단 92, 일곡 10, 상무 22, 마을 720, 마을 720-1 무양서원 : 첨단92 , 봉선27 , 첨단192 , 첨단40 무양서원입구 : 첨단30 , 마을720 , 첨단22 , 임곡91 , 첨단92 , 첨단09 , 마을700 , 일곡10 방송통신대 : 첨단92 , 첨단192 , 봉선27 , 첨단40 산월초교입구 : 첨단192 , 첨단92 , 봉선27 , 첨단40",https://tour.gwangju.go.kr/home/tour/info/culture.cs?act=view&infoId=650
gwangju_tour,culture.cs:102,범세동 선생묘,00:00 ~ 24:00,없음,,,,"남동 : 송정296 , 송정197",https://tour.gwangju.go.kr/home/tour/info/culture.cs?act=view&infoId=102
gwangju_tour,culture.cs:656,병천사,00:00 ~ 24:00,없음,,,,"금호호반아파트1차 : 마을760 금호시영아파트 : 대촌270 , 매월61(세하) , 마을760 , 지원45 , 금호46 , 금호36 , 진월77 , 송암72 , 순환01(시청방향) , 매월61(칠석) , 순환01(운천저수지방향) CBS방송국 : 지원45 , 마을760 , 금호46 , 매월61(칠석) , 송암72 , 순환01(운천저수지방향) , 매월61(세하) , 대촌270 , 진월77 , 금호36",https://tour.gwangju.go.kr/home/tour/info/culture.cs?act=view&infoId=656
gwangju_tour,culture.cs:651,부용정,00:00 ~ 24:00,없음,,,,"하칠석/고싸움전수관 : 매월61(칠석) , 대촌170 , 대촌69 상칠석 : 매월61(칠석) , 대촌170 , 대촌69",https://tour.gwangju.go.kr/home/tour/info/culture.cs?act=view&infoId=651
gwangju_tour,food.cs:1186,긴자상회,매일 17:00~01:00,없음,,,,"금호한국아파트 : 대촌270 , 마을760 , 금호36 , 송암72 , 매월61(세하) , 지원45 , 매월61(칠석) , 진월77 , 금호46 금호시영아파트 : 순환01(운천저수지방향) , 진월77 , 송암72 , 지원45 , 금호46 , 매월61(칠석) , 매월61(세하) , 금호36 , 대촌270 , 마을760 , 순환01(시청방향) 서창농협 : 진월77 , 금호46 , 진월17 , 금호36 , 진월75 , 매월16",https://tour.gwangju.go.kr/home/tour/info/food.cs?act=view&infoId=1186
gwangju_tour,food.cs:1317,김강심칼국수,11:00 ~ 21:00,명절 연휴,,주차 가능(100대),,"공구단지 : 대촌270 , 매월61(칠석) , 매월61(세하) , 진월78 , 금남59 , 진월77 , 일곡28 , 대촌71 , 매월26 , 매월16 매월종합상가입구 : 일곡28 , 송암73 , 송암74 , 진월17 , 송암47 , 송암72 풍암사거리(서) : 송암73 , 매월16",https://tour.gwangju.go.kr/home/tour/info/food.cs?act=view&infoId=1317
gwangju_tour,food.cs:1207,꽃담,매일 11:30~21:00,없음,,,,"금남로4가역 : 첨단95 , 1187 , 매월61(칠석) , 1000 , 문흥39 , 금호36 , 수완49 , 운림51 , 금남57 , 용전184(원천리방향) , 518 , 매월61(세하) , 첨단09 , 용전184(대전면방향) , 진월07 , 문흥80 예술의거리입구 : 대촌170 , 대촌70 , 매월06 , 송암74 , 용전184(대전면방향) , 수완49 , 문흥39 , 용전184(원천리방향) , 송정98 , 금남58 , 지원151(화순사평) , 419 , 진월07 , 좌석02 , 지원151(화순전남대병원) , 금남57",https://tour.gwangju.go.kr/home/tour/info/food.cs?act=view&infoId=1207
gwangju_tour,food.cs:1327,꽃담(참실이꽃담),11:30 ~ 22:00(브레이크타임 15:00 ~ 17:00),없음,,,,"비아중 : 마을700 , 첨단20 과기원 : 매월16 , 첨단30 , 송정33 , 운림51 , 첨단23 , 첨단193 첨단금호아파트 : 첨단20 , 첨단23",https://tour.gwangju.go.kr/home/tour/info/food.cs?act=view&infoId=1327
gwangju_tour,sports.cs:1351,오매나하우스,09:00 ~ 19:00,"연중무휴(신정, 설날, 추석 휴무)",무료,"일반관람객 및 이용자 대상 1시간이내 주차요금 지원 (1층 전일빌딩 안내데스크 확인, 초과비용 이용자 부담)",,"국립아시아문화전당(구.도청) : 518 , 1000 , 419 , 1187 , 금남59 , 송정98 , 첨단95 , 운림51 , 지원151(화순전남대병원) , 금호36 , 금남55 , 금남58 , 문흥80 , 지원45 , 매월61(칠석) , 매월61(세하) , 좌석02 , 수완12 , 금남57 , 지원151(화순사평) , 첨단09 문화전당역 : 문흥80 , 금남57 , 금남58 , 518 , 송정98 , 금호36 , 첨단09 , 419 , 첨단95 , 금남55 , 1000 , 운림51 , 지원151(화순사평) , 지원151(화순전남대병원) , 1187 , 금남59 , 매월61(칠석) , 매월61(세하) , 수완12 , 지원45 518민주화운동기록관 : 지원151(화순사평) , 매월61(세하) , 1000 , 지원151(화순전남대병원) , 송정98 , 매월61(칠석) 동구청 : 지원52 , 지원152(능주역) , 1187 , 518 , 금남57 , 수완49 , 운림54 , 금남58 , 봉선37 , 석곡87 , 지원152(도웅리) , 419",https://tour.gwangju.go.kr/home/tour/info/sports.cs?act=view&infoId=1351
gwangju_tour,sports.cs:29,지산유원지,주말 및 공휴일 : 10:00 ~18:00,없음,,없음,,"지산유원지 : 두암81(각화초교방향) , 1000 , 두암81(무등파크방향) 지산유원지입구 : 1000 , 두암81(무등파크방향)",https://tour.gwangju.go.kr/home/tour/info/sports.cs?act=view&infoId=29
gwangju_tour,sports.cs:1278,푸른마을 공동체센터,"- 장난감 도서관 : 화~금 10:00~17:50, 토~일 10:00~16:50 - 실내놀이터 : 화~금 10:00~17:50, 토~일 10:00~16:50 - 공유센터 : 월~금 09:00~18:00 - 대관 : 월~금 09:00~21:00, 토요일 09:00~17:00 * 점심시간휴식12:00~13:00",없음,"- 장난감 도서관 : 7세 이하 자녀를 둔 동구 거주자 회원가입 (연회비 2만원, 카드발급비 2천원 별도) 후 이용가능 - 실내놀이터 : 7세 이하 영유아 1인당 천 원 (1시간 기준) - 공유센터 : 동구 거주자 무료회원 가입 후 이용가능하며 대여물품 가액 2% 대여요금 있음 - 대관 : 회의실, 공유부엌 (2시간 9,000원, 초과 시간당4,500원) - 다목적실 : 2시간 10,000원 (초과 시간당 5,000원), 냉난방비 사용료의 30% 가산",있음 (14대),,"농장다리 : 1187 , 두암81(각화초교방향) , 송암74 , 두암81(무등파크방향) 동구노인복지회관 : 두암81(무등파크방향) , 1187 , 송암74 , 두암81(각화초교방향)",https://tour.gwangju.go.kr/home/tour/info/sports.cs?act=view&infoId=1278
gwangju_tour,sports.cs:18,국립아시아문화전당,"내부시설: 10:00~18:00 ※ 문화정보원, 문화창조원 매주 수요일, 토요일 10:00~20:00까지 연장 운영 ※ 특별열람실: 화~금 10:00~17:30(11:30~14:00 휴실) 외부시설: 06:00~22:00","매주 월요일, 1월1일","공연, 전시 행사 등에 따라 상이(국립아시아문화전당 누리집 확인필요)","A,B주차장: 08:00~22:00(1월1일, 정기휴관일 월요일 휴무) 부설주차장: 07:00~24:00(연중무휴) ※ 유료로 운영되고 있으며, 이용요금은 국립아시아문화전당 누리집 확인필요",애견동반 불가능,"문화전당역 : 1000 , 운림51 , 금호36 , 매월61(세하) , 금남58 , 첨단09 , 첨단95 , 1187 , 금남59 , 518 , 금남55 , 문흥80 , 수완12 , 금남57 , 송정98 , 지원45 , 매월61(칠석) , 419 , 지원151(화순전남대병원) , 지원151(화순사평) 동구청 : 518 , 1187 , 지원152(도웅리) , 지원152(능주역) , 봉선37 , 운림54 , 석곡87 , 지원52 , 수완49 , 419 , 금남58 , 금남57 국립아시아문화전당(구.도청) : 금남57 , 지원151(화순사평) , 매월61(세하) , 지원45 , 518 , 금호36 , 419 , 문흥80 , 송정98 , 첨단95 , 1187 , 수완12 , 운림51 , 좌석02 , 금남59 , 첨단09 , 1000 , 금남58 , 금남55 , 지원151(화순전남대병원) , 매월61(칠석)",https://tour.gwangju.go.kr/home/tour/info/sports.cs?act=view&infoId=18
gwangju_tour,sports.cs:387,IT스퀘어,09:30 ~ 18:00(사전예약필요),일요일 및 공휴일 휴무,유료 체험,,,"호남대광산캠퍼스 : 선운101(시립인광병원) , 봉선37 , 마을720-1 , 선운101(송산유원지) , 송정296 , 송정197 , 임곡90 , 일곡38 , 선운14 선암 : 선운101(시립인광병원) , 봉선37 , 송정296 , 선운101(송산유원지) , 마을720-1 , 일곡38 , 임곡90 , 송정197 , 선운14",https://tour.gwangju.go.kr/home/tour/info/sports.cs?act=view&infoId=387
gwangju_tour,sports.cs:42,광주 콩종합센터,09:00 ~ 17:00,"공휴일, 주말",체험프로그램에 따라 상이함,있음,,,https://tour.gwangju.go.kr/home/tour/info/sports.cs?act=view&infoId=42
gwangju_tour,history.cs:1428,희경루,09:00~20:00,연중휴무,무료,2면,애견동반 불가능,"광주공원 : 금남59 중앙대교(서) : 수완12 , 지원45 , 송암74 중앙대교(동) : 금남55 광주세무서 : 지원45 , 수완12 , 매월06 , 대촌170 , 진월07 , 송암74",https://tour.gwangju.go.kr/home/tour/info/history.cs?act=view&infoId=1428
gwangju_tour,history.cs:86,증심사,09:00 ~ 17:00,없음,,있음,,,https://tour.gwangju.go.kr/home/tour/info/history.cs?act=view&infoId=86
gwangju_tour,history.cs:200,무각사,08:00 ~ 18:00,없음,,100여대,,"상무병원 : 선운14 , 지원45 , 운림50 5.18기념공원 : 선운14 , 지원45 , 운림50 광주학생문화회관 : 마을760 상무고 : 마을760",https://tour.gwangju.go.kr/home/tour/info/history.cs?act=view&infoId=200
gwangju_tour,history.cs:211,원각사,03:00 ~ 21:00,없음,,10여대 가능,,"대인시장(서) : 지원152(도웅리) , 지원52 , 진월07 , 좌석02 , 금남58 , 봉선37 , 지원152(능주역) , 두암81(무등파크방향) , 두암81(각화초교방향) , 대촌170 , 대촌70 대인시장(동) : 용전184(원천리방향) , 419 , 용전184(대전면방향) , 송정98 , 518 , 석곡87 , 매월06 , 운림54 , 지원151(화순사평) , 문흥39 , 지원151(화순전남대병원) 동부소방서 : 지원52 , 두암81(각화초교방향) , 지원152(능주역) , 대촌170 , 봉선37 , 금남58 , 용전184(대전면방향) , 좌석02 , 용전184(원천리방향) , 지원152(도웅리) , 대촌70",https://tour.gwangju.go.kr/home/tour/info/history.cs?act=view&infoId=211
gwangju_tour,history.cs:323,양림동역사문화마을,상시개방,없음,무료,"양림동 역사문화마을 공영주차장(100여대) 광주 남구 천변좌로418번길 2 양림동 구 주민센터 공영주차장(10여대) 광주 남구 3.1만세운동길 6 양림동 홀짝 도로주차장(안내표시되어 있음) -양림동 뒹굴동굴이 자리한 천변좌로 500m 구간 -양림동 기동병원 인근 소담떡방 ~ 양인제과 앞 170m 구간 -양림오거리~천변로 구간, 양림오거리 ~ 양림휴먼시아 구간",,"(버스) 첨단09, 지원25, 수완03, 순환01A, 금호36, 금호518, 봉선37, 금남55, 송정98, 금남55, 수완49, 지원152 (지하철) 남광주역(도보 12분 소요) 양림교 : 금남55 서남대병원 : 금남55 학강교 : 금남55 학강초교 : 금남55",https://tour.gwangju.go.kr/home/tour/info/history.cs?act=view&infoId=323
gwangju_tour,history.cs:156,최승효 가옥,,없음,,,,서남대병원 : 금남55 양림교 : 금남55 학강초교 : 금남55 기독병원 : 금남55,https://tour.gwangju.go.kr/home/tour/info/history.cs?act=view&infoId=156
gwangju_tour,culture.cs:1041,분청사기전시실,09:00~18:00,"매주 월요일, 신정",무료,있음(승용차 17대 주차가능) 대형버스는 전시실 진입로 주변에 주차 가능,,"금곡 : 충효188 , 충효187",https://tour.gwangju.go.kr/home/tour/info/culture.cs?act=view&infoId=1041
gwangju_tour,culture.cs:1264,사직단,,없음,,,,"서남대병원 : 금남55 양림교 : 금남55 향교 : 매월06 , 수완12 , 송암74 , 지원45 , 진월07 기독병원 : 금남55",https://tour.gwangju.go.kr/home/tour/info/culture.cs?act=view&infoId=1264
gwangju_tour,culture.cs:1261,삼거동 고인돌,상시 가능,연중무휴,없음,없음,,칠성삼거리 : 송정97 칠성 : 송정97,https://tour.gwangju.go.kr/home/tour/info/culture.cs?act=view&infoId=1261
gwangju_tour,culture.cs:1259,송호영당,,없음,,,,"중앙초교 : 마을700 , 봉선37 , 상무62 , 마을720 정광고입구 : 마을700 , 마을720 , 상무62 , 봉선37 , 마을701 소촌라인2차아파트 : 첨단40 소촌서라아파트 : 상무62 , 봉선37 , 마을720 , 마을700",https://tour.gwangju.go.kr/home/tour/info/culture.cs?act=view&infoId=1259
gwangju_tour,culture.cs:148,수완동 왕버들,00:00 ~ 24:00,없음,,,,"수완동공원 : 수완49 , 수완03 하완마을 : 수완49 , 수완03 수완보건지소 : 선운101(시립인광병원) , 송암72 , 선운101(송산유원지) , 마을701 수완우미린2차 : 수완03 , 금호46 , 송정33 , 선운101(송산유원지) , 문흥39 , 송암72 , 선운101(시립인광병원)",https://tour.gwangju.go.kr/home/tour/info/culture.cs?act=view&infoId=148
gwangju_tour,culture.cs:1267,신룡동오층석탑,,없음,,,,,https://tour.gwangju.go.kr/home/tour/info/culture.cs?act=view&infoId=1267
gwangju_tour,food.cs:1353,꿀단지,11:30 ~ 22:00,일요일 점심(단체예약 제외),,주차 가능(4대),,"서남하이츠(국제양궁장) : 순환01(운천저수지방향) , 지원45 , 대촌71 , 진월78 , 진월75 , 순환01(시청방향) , 송암47 광주국제양궁장 : 송암47 호남삼육고 : 진월75 , 진월77 , 진월78",https://tour.gwangju.go.kr/home/tour/info/food.cs?act=view&infoId=1353
gwangju_tour,food.cs:1431,나나방콕 상무본점,11:30 ~ 21:30 ※ 브레이크타임 없음,연중무휴,,있음,애견동반 불가능,"상무병원 : 운림50 , 지원45 , 선운14 라마다호텔 : 송암73 , 선운14 운천역 : 송정19 , 매월16 , 대촌69 운천저수지 : 대촌270 , 마을760 , 순환01(운천저수지방향) , 금호46 , 지원45 , 송암72 , 첨단20 , 송암73 , 운림50",https://tour.gwangju.go.kr/home/tour/info/food.cs?act=view&infoId=1431
gwangju_tour,food.cs:1188,남가정,매일 11:30~21:00 / 브레이크타임 15:00~17:00,없음,,,,"지산유원지입구 : 두암81(무등파크방향) , 1000 , 두암81(각화초교방향) 지산유원지 : 두암81(무등파크방향) , 1000 , 두암81(각화초교방향)",https://tour.gwangju.go.kr/home/tour/info/food.cs?act=view&infoId=1188
gwangju_tour,food.cs:1432,다도해물나라,11:00 ~ 21:00 ※ 브레이크타임 없음,연중무휴,,있음,애견동반 불가능,"전남고입구 : 상무62 , 첨단20 , 송정19 , 지원25 , 대촌69 , 송암73 , 대촌270 상무역 : 첨단20 , 송정19 , 대촌270 , 대촌69 , 상무62 , 지원25 , 송암73 상무역(남) : 첨단22",https://tour.gwangju.go.kr/home/tour/info/food.cs?act=view&infoId=1432
gwangju_tour,food.cs:1181,"다르다김밥,주먹밥",평일 09:00~22:00 / 주말 08:00~22:00,없음,,,,"한국국토정보공사 : 순환01(운천저수지방향) , 선운14 , 첨단22 , 금호46 , 매월16 , 상무63 , 1000 , 상무62 , 좌석02 , 지원45 , 일곡38 , 지원25 , 상무64 , 운림50 , 518 상무한국아파트 : 상무62 운천초교 : 518 , 상무62 , 일곡38 , 매월16 , 상무64 계수초교 : 순환01(운천저수지방향) , 상무63 , 상무62 , 순환01(시청방향) , 지원45",https://tour.gwangju.go.kr/home/tour/info/food.cs?act=view&infoId=1181
gwangju_tour,sports.cs:416,광주기아챔피언스필드,경기일정에 따라 변경,경기일정에 따라 변경,온라인 예매 : www.ticketlink.co.kr 전화 : 1588-7890,주차시설 보유,,"[광주 시내] 풍암16, 일곡38, 운림51, 금남58, 임곡89, 첨단95, 송정98, 지원151 승차 → 광주-기아 챔피언스필드 정류소 하차 [광주역 → 광주-기아 챔피언스필드] 버스 : 금남 임곡89, 송정98, 지원151 광주역 정류소 승차 → 광주-기아 챔피언스필드 정류소 하차 택시 : 10∼15분 소요 [광천버스터미널 → 광주-기아 챔피언스필드] 버스 : 풍암16 광천터미널 정류소 승차 → 광주-기아 챔피언스필드 정류소 하차 : 지원151 광천터미널 정류소 승차 → 광주-기아 챔피언스필드 정류소 하차 택시 : 10분 소요 [광주송정역 → 광주-기아 챔피언스필드] 버스 : 송정98, 좌석 02 승차 → 경신여고 정류소 하차 지하철 : 광주송정역 승차 → 농성역 하차, 택시 10분 소요 : 광주송정역 승차 → 금남로 5가역 하차 후 6번 출구 앞 버스정류소에서 운림51 버스 승차 → 광주-기아 챔피언스필드 정류소 하차 : 광주송정역 승차 → 쌍촌역 하차 후 4번 출구 앞 버스정류소에서(상무1동 주민센터 정류소) 송암47 버스 승차 → 광주-기아 챔피언스필드 정류소 하차 택시 : 30분 소요 광주기아챔피언스필드 : 첨단95 , 운림51 , 일곡38 , 매월16 , 용전84 무등야구장 : 송정98 , 지원151(화순사평) , 일곡38 , 지원151(화순전남대병원) , 임곡89 광주기아챔피언스필드정문 : 매월16",https://tour.gwangju.go.kr/home/tour/info/sports.cs?act=view&infoId=416
gwangju_tour,sports.cs:368,광주김치타운,09:30 ~ 18:00,"명절, 월요일",,,,광주김치타운 : 진월78,https://tour.gwangju.go.kr/home/tour/info/sports.cs?act=view&infoId=368
gwangju_tour,sports.cs:370,광주남구문화예술회관,,"월요일, 법정공휴일",,유안근린공원지하주차장,,"남구문화예술회관 : 송정98 , 봉선27 , 봉선37 , 지원56 봉선2동주민센터 : 봉선37 , 송정98 , 지원56 , 봉선27 유안초교 : 봉선76 봉선삼익아파트(남) : 봉선76 , 봉선27 , 지원56 , 봉선37 , 일곡28",https://tour.gwangju.go.kr/home/tour/info/sports.cs?act=view&infoId=370
gwangju_tour,sports.cs:311,광주예술의전당,상시 개방,없음,공연에 따른 비용,455 대 주차면수,애견동반 불가능,"문화예술회관후문 : 상무63 , 첨단95 , 문흥53 , 용전85 , 용전84 , 송정29 문화예술회관 : 금남58 , 용봉83 , 첨단192 , 용전85 , 운림51 , 문흥18 , 봉선27 , 첨단95 , 수완12 , 문흥53 , 용전84 , 매월16 , 수완49 , 송암72 운암벽산블루밍 : 봉선27 , 문흥18 , 매월16 , 수완49 , 송암72 , 금남58 , 수완12 , 운림51",https://tour.gwangju.go.kr/home/tour/info/sports.cs?act=view&infoId=311
gwangju_tour,sports.cs:273,광주월드컵경기장,매 경기마다 이용시간 상이,주5일 근무. 행사있을 때 원활히 이용가능하게 조율,,"소형 2,001대 / 대형 341대 주차가능",애견동반 불가능,"월드컵경기장 정문 : 금남59 월드컵경기장주차장 : 금남59 월드컵경기장 : 매월16 , 매월26 , 송암74 , 첨단20 , 매월06 화정우성아파트 : 금남59",https://tour.gwangju.go.kr/home/tour/info/sports.cs?act=view&infoId=273
gwangju_tour,sports.cs:397,국립광주과학관,09:30 ~ 17:30 (입장권발권마감은 16:30),"- 매주 월요일, 매년 1월1일 휴관 - 명절(설날, 추석) 당일 휴관 (월요일이 공휴일인 경우 다음날 휴관)","- 경로우대자 : 65세 이상 - 우대고객 : 6세 이하, 국가유공자, 장애인, 기초생화수급자 - 중증장애인(1~3급) 동반보호자 1인은 무료 - 중복할인 불가 - 어린이관 입장기준 · ㄱ초등학생 입장 불가(8세 이상 입장 불가) · 유치원 및 어린이집 원아(단체) : 인솔교사에 한에서 입장 허용 · 영유아(7세 이하)를 동반한 성인 : 유아 1명당 2명 이하 성인 입장 허용",유료/ 운영시간 : 08:30 ~ 18:00(야간개방 시 주차창 운영시간은 연장 가능),,"앰코코리아 : 첨단22 , 운림51 , 첨단193 , 첨단20 국립광주과학관 : 첨단23 , 첨단30 , 첨단09 , 첨단193 , 운림51 , 매월16 , 금호46 , 문흥39 대창운수 : 매월16 , 문흥39 , 첨단23",https://tour.gwangju.go.kr/home/tour/info/sports.cs?act=view&infoId=397
gwangju_tour,history.cs:217,505보안부대옛터(사적26호),00:00 ~ 24:00,없음,,,,"한국농어촌공사 : 대촌69 , 매월16 , 송정19 , 송암72 쌍촌역 : 송정19 , 매월16 , 송암72 , 대촌69 서광주세무서 : 송암72 , 대촌69 , 매월16 , 송정19",https://tour.gwangju.go.kr/home/tour/info/history.cs?act=view&infoId=217
gwangju_tour,history.cs:214,5·18구묘지(사적24호),00:00 ~ 24:00,없음,,,,"수곡 : 518 , 지원15 , 용전84 , 충효188 효령동 : 518 영락공원입구 : 518 북초교 : 지원15 , 용전84 , 충효188",https://tour.gwangju.go.kr/home/tour/info/history.cs?act=view&infoId=214
gwangju_tour,history.cs:218,5·18기념공원,00:00 ~ 24:00,없음,,주차시설 있음,애견동반 가능,"중흥아파트사거리 : 마을760 5.18기념문화센터 : 상무62 , 상무64 , 금호46 , 518 , 첨단22 , 선운14 , 임곡89 , 상무63 광주학생문화회관 : 마을760 상무고 : 마을760",https://tour.gwangju.go.kr/home/tour/info/history.cs?act=view&infoId=218
gwangju_tour,history.cs:215,5·18민주광장(사적5-2호),00:00 ~ 24:00,없음,,,,"문화전당역 : 금호36 , 지원151(화순사평) , 지원151(화순전남대병원) , 지원45 , 수완12 , 금남57 , 금남59 , 문흥80 , 송정98 , 518 , 금남58 , 419 , 1187 , 매월61(칠석) , 금남55 , 운림51 , 첨단95 , 첨단09 , 1000 , 매월61(세하) 동구청 : 석곡87 , 금남58 , 운림54 , 수완49 , 지원52 , 금남57 , 봉선37 , 1187 , 518 , 지원152(능주역) , 지원152(도웅리) , 419 국립아시아문화전당(구.도청) : 송정98 , 1000 , 금남58 , 지원151(화순사평) , 금남55 , 지원45 , 419 , 518 , 첨단09 , 수완12 , 매월61(세하) , 문흥80 , 금호36 , 첨단95 , 운림51 , 1187 , 금남57 , 좌석02 , 지원151(화순전남대병원) , 매월61(칠석) , 금남59 전남대병원오거리 : 지원151(화순사평) , 지원52 , 수완49 , 지원152(도웅리) , 운림51 , 첨단95 , 지원152(능주역) , 운림54 , 금남59 , 지원151(화순전남대병원) , 지원45 , 봉선37 , 수완12",https://tour.gwangju.go.kr/home/tour/info/history.cs?act=view&infoId=215
gwangju_tour,history.cs:219,5·18자유공원,00:00 ~ 24:00,없음,,,,"5.18자유공원 : 순환01(시청방향) , 1000 , 518 , 좌석02 , 상무64 , 순환01(운천저수지방향) , 상무63 보훈회관(518민주화운동교육관) : 518 , 상무63 , 일곡38 김대중컨벤션센터 : 1000 , 상무64 , 일곡38 상무금호아파트 : 지원25 , 순환01(운천저수지방향) , 상무63 , 순환01(시청방향) , 운림50 , 상무64",https://tour.gwangju.go.kr/home/tour/info/history.cs?act=view&infoId=219
gwangju_tour,history.cs:216,5·18최초발포지-광주고교앞(사적21호),00:00 ~ 24:00,없음,,,,"광주고 : 419 , 석곡87 , 송정98 , 지원151(화순사평) , 518 , 용전184(원천리방향) , 문흥39 , 용전184(대전면방향) , 매월06 , 지원151(화순전남대병원) , 운림54 대인시장(동) : 석곡87 , 용전184(대전면방향) , 419 , 지원151(화순전남대병원) , 문흥39 , 매월06 , 지원151(화순사평) , 용전184(원천리방향) , 518 , 운림54 , 송정98 계림초교후문 : 금남55 대인시장(서) : 금남58 , 봉선37 , 지원52 , 지원152(능주역) , 두암81(무등파크방향) , 좌석02 , 지원152(도웅리) , 진월07",https://tour.gwangju.go.kr/home/tour/info/history.cs?act=view&infoId=216
gwangju_tour,culture.cs:179,신용동 오층석탑,00:00 ~ 24:00,없음,,,,,https://tour.gwangju.go.kr/home/tour/info/culture.cs?act=view&infoId=179
gwangju_tour,culture.cs:1263,신창동 선사유적지,상시 가능,연중무휴,없음,없음,,칠성삼거리 : 송정97 칠성 : 송정97,https://tour.gwangju.go.kr/home/tour/info/culture.cs?act=view&infoId=1263
gwangju_tour,culture.cs:652,양과동정,00:00 ~ 24:00,없음,,,,"이장1동 : 대촌70 , 대촌170 수춘 : 대촌170 , 대촌70 이장2동 : 대촌70 , 대촌170",https://tour.gwangju.go.kr/home/tour/info/culture.cs?act=view&infoId=652
gwangju_tour,culture.cs:105,양씨 삼강문,00:00 ~ 24:00,없음,무료,,,박뫼 : 임곡290 박호동 : 임곡290 박호1리 : 임곡290,https://tour.gwangju.go.kr/home/tour/info/culture.cs?act=view&infoId=105
gwangju_tour,culture.cs:1166,오방 최흥종 기념관,09:00 ~ 18:00(입장마감시간 오후 17:30),"매월 월요일, 1월1일, 설날 및 추석연휴",무료,,,"(버스) 금남55, 수완12, 지원45, 대촌170, 송암74, 매월06, 진월07 (지하철) 남광주역(3번출구 도보18분) 문화전당역(1번출구 도보22분) 기독병원 : 금남55 양림교 : 금남55 학강초교 : 금남55 서남대병원 : 금남55",https://tour.gwangju.go.kr/home/tour/info/culture.cs?act=view&infoId=1166
gwangju_tour,culture.cs:151,용진산 마애여래좌상,00:00 ~ 24:00,없음,,,,원사호마을 : 임곡90,https://tour.gwangju.go.kr/home/tour/info/culture.cs?act=view&infoId=151
gwangju_tour,food.cs:1189,다미정,매일 11:00~22:00,없음,,,,"원광대한방병원 : 순환01(운천저수지방향) , 진월75 , 진월78 , 송암47 , 지원45 , 대촌71 , 순환01(시청방향) 금당중 : 진월75 , 대촌71 , 진월78 , 지원45 , 송암47 풍암우미아파트 : 진월75 , 지원45 , 순환01(운천저수지방향) , 금남59 , 송암47 , 진월78",https://tour.gwangju.go.kr/home/tour/info/food.cs?act=view&infoId=1189
gwangju_tour,food.cs:1320,당산나무집,"11:00 ~ 21:00 (브레이크타임 15:30 ~ 17:00, 라스트오더 ~20:00, 재료소진시 조기마감)","월요일, 설/추석 당일",,,,"봉선1동주민센터 : 금남59 , 봉선76 봉선라인광장 : 운림50 , 금남59 모아2차아파트 : 운림50 , 지원56 , 봉선37 , 일곡28 , 봉선76 봉선삼익사거리 : 봉선37 , 일곡28 , 지원56",https://tour.gwangju.go.kr/home/tour/info/food.cs?act=view&infoId=1320
gwangju_tour,food.cs:1195,대광식당,매일 11:40~22:00,일요일 정기휴무,,,,"김대중컨벤션센터(마륵)역(북) : 상무64 , 일곡38 , 좌석02 , 1000 , 순환01(운천저수지방향) 김대중컨벤션센터(마륵)역 : 순환01(운천저수지방향) , 운림50 , 송암73 , 좌석02 , 상무64 , 대촌69 , 상무62 , 첨단20 , 송정19 , 1000 , 대촌270 , 순환01(시청방향) , 일곡38 김대중컨벤션센터 : 1000 , 상무64 , 일곡38 월암 : 대촌69 , 첨단20 , 상무64 , 1000 , 대촌270 , 송정19 , 운림50 , 일곡38 , 송암73 , 상무62",https://tour.gwangju.go.kr/home/tour/info/food.cs?act=view&infoId=1195
gwangju_tour,food.cs:1360,돈까스만드는남자,"11:30 ~ 22:00 (브레이크타임 15:00 ~ 17:00, 라스트오더1 ~ 14:40, 라스트오더2 ~20:40)",수요일,,주차 가능,,"비엔날레전시관 : 상무64 , 용봉83 , 419 비엔날레전시관입구 : 용봉83 용봉현대3차아파트 : 상무64 , 용봉83",https://tour.gwangju.go.kr/home/tour/info/food.cs?act=view&infoId=1360
gwangju_tour,food.cs:1079,돌담게장백반,11:30~21:30,연중 무휴,,가능,,"금곡 : 충효188 , 충효187",https://tour.gwangju.go.kr/home/tour/info/food.cs?act=view&infoId=1079
gwangju_tour,sports.cs:315,궁동예술극장,공연에 따라 상이,없음,공연에 따라 상이,,,"예술의거리입구 : 지원151(화순사평) , 금남57 , 지원151(화순전남대병원) , 진월07 , 송암74 , 금남58 , 419 , 수완49 , 송정98 , 문흥39 , 매월06 , 좌석02 전남여고 : 두암81(각화초교방향) , 419 , 지원52 , 지원152(도웅리) , 송암74 , 운림54 , 518 , 지원152(능주역) , 봉선37 , 수완49 , 금남57 , 금남58 , 석곡87 , 두암81(무등파크방향) 518민주화운동기록관 : 지원151(화순전남대병원) , 매월61(세하) , 1000 , 송정98 , 매월61(칠석) , 지원151(화순사평)",https://tour.gwangju.go.kr/home/tour/info/sports.cs?act=view&infoId=315
gwangju_tour,sports.cs:335,기아자동차,09:00 ~ 14:30,없음,,,,"유덕초교 : 첨단09 , 첨단22 , 상무62 , 문흥39 , 상무63 , 임곡89 , 지원25 광천동 : 첨단30 , 유덕65 , 지원151(화순사평) , 지원25 , 임곡89 , 지원151(화순전남대병원) , 1187 칠성마을 : 임곡89 , 지원151(화순전남대병원) , 지원25 , 유덕65 , 지원151(화순사평)",https://tour.gwangju.go.kr/home/tour/info/sports.cs?act=view&infoId=335
gwangju_tour,sports.cs:359,김대중컨벤션센터,프로그램에 따라 다름,없음,프로그램에 따라 다름,유료(일일 주차권 있음),,"5.18자유공원 : 순환01(시청방향) , 순환01(운천저수지방향) , 좌석02 , 1000 , 상무64 , 상무63 , 518 김대중컨벤션센터 : 1000 , 일곡38 , 상무64 전남고 : 운림50 , 지원25 김대중컨벤션센터(마륵)역(북) : 상무64 , 일곡38 , 1000 , 좌석02 , 순환01(운천저수지방향)",https://tour.gwangju.go.kr/home/tour/info/sports.cs?act=view&infoId=359
gwangju_tour,sports.cs:292,남도향토음식박물관,09:00 ~ 18:00,"매주 월요일, 토 · 일요일을 제외한 공휴일",입장 무료(체험 프로그램 유료),있음,,"향토음식박물관 : 일곡10 , 첨단30 , 419 , 금남57 , 첨단23 일곡사거리 : 일곡38 , 매월26 , 송정29 , 지원15 , 진월07 , 용전86 , 일곡10 국제고 : 첨단30 , 419 , 송정29 , 첨단23 , 매월26 , 금남57 , 용전86 , 진월07 , 일곡38 양일로입구 : 용전184(대전면방향) , 지원15 , 일곡28 , 용전184(원천리방향)",https://tour.gwangju.go.kr/home/tour/info/sports.cs?act=view&infoId=292
gwangju_tour,sports.cs:374,문예정터 극단 진달래피네,공연별 상이,없음,공연별 상이,,,"4.19기념관 : 518 , 송정98 , 송정19 , 용봉83 , 지원151(화순전남대병원) , 금남55 , 지원151(화순사평) 중흥1동주민센터 : 1187 , 일곡38 , 금남57 계림사거리 : 운림54 , 419 , 문흥39 , 석곡87 순복음교회 : 송정19 , 518 , 지원151(화순사평) , 금남55 , 1187 , 송정98 , 금남57 , 용봉83 , 지원151(화순전남대병원)",https://tour.gwangju.go.kr/home/tour/info/sports.cs?act=view&infoId=374
gwangju_tour,sports.cs:373,민들레소극장,공연별 상이,공연별 상이,공연별 상이,,,"전남여고 : 지원152(능주역) , 금남57 , 수완49 , 두암81(각화초교방향) , 운림54 , 518 , 419 , 송암74 , 석곡87 , 지원152(도웅리) , 금남58 , 지원52 , 봉선37 , 두암81(무등파크방향) 국립아시아문화전당(구.도청) : 1187 , 518 , 금남57 , 1000 , 금남58 , 지원151(화순사평) , 송정98 , 지원45 , 운림51 , 첨단95 , 좌석02 , 금남59 , 금남55 , 매월61(세하) , 문흥80 , 지원151(화순전남대병원) , 수완12 , 매월61(칠석) , 419 , 금호36 , 첨단09 518민주화운동기록관 : 지원151(화순전남대병원) , 매월61(세하) , 송정98 , 1000 , 매월61(칠석) , 지원151(화순사평)",https://tour.gwangju.go.kr/home/tour/info/sports.cs?act=view&infoId=373
gwangju_tour,history.cs:220,광목간양민학살지(사적15호),00:00 ~ 24:00,없음,,,,"송하삼익아파트 : 송암47 , 대촌170 , 진월78 , 일곡28 , 송암31 , 진월79 , 대촌70 , 송암73 , 진월17 , 진월07 금호타운아파트 : 수완03 , 진월177 , 송암47 , 진월77 광주대입구 : 대촌70 , 진월75 , 진월78 , 송암31 , 진월17 , 첨단95 , 진월177 , 진월77 , 일곡28 , 진월07 , 송암73 , 대촌170 , 진월79 동성고 : 송암73 , 송암31 , 진월177 , 진월07 , 진월77 , 진월79 , 진월78 , 진월75 , 일곡28 , 수완03 , 대촌70 , 대촌170 , 진월17 , 첨단95",https://tour.gwangju.go.kr/home/tour/info/history.cs?act=view&infoId=220
gwangju_tour,history.cs:115,광주 구 수피아여학교 수피아홀,06:00 ~ 22:00,없음,,있음,,"기독병원 : 금남55 수피아여고 : 금남55 석산고 : 금남55 양림휴먼시아1차 : 지원56 , 첨단95 , 송정98 , 진월17 , 지원25 , 봉선76 , 순환01(운천저수지방향) , 봉선27 , 금남59",https://tour.gwangju.go.kr/home/tour/info/history.cs?act=view&infoId=115
gwangju_tour,history.cs:116,광주 구 수피아여학교 윈스브로우홀,06:00 ~ 22:00,없음,,있음,,"석산고 : 금남55 수피아여고 : 금남55 남광주농협 : 봉선27 , 지원56 , 순환01(운천저수지방향) , 수완03 , 첨단95 , 송정98 , 지원25 , 진월17 , 순환01(시청방향)",https://tour.gwangju.go.kr/home/tour/info/history.cs?act=view&infoId=116
gwangju_tour,history.cs:119,"광주 서석초등학교 (본관, 체육관, 별관)",08:30 ~ 16:30,"공휴일, 명절 휴무",,,,"동구청 : 지원52 , 518 , 1187 , 봉선37 , 지원152(도웅리) , 지원152(능주역) , 석곡87 , 수완49 , 운림54 , 금남57 , 금남58 , 419 서남동주민센터 : 송정98 , 좌석02 , 금호36 , 매월61(칠석) , 금남57 , 1000 , 419 , 석곡87 , 매월61(세하) , 금남55 , 문흥80 살레시오여고 : 금호36 , 봉선27 , 문흥80 , 수완03 , 운림35 , 금남55 , 지원15 , 일곡28 , 진월17 , 순환01(시청방향) , 1000",https://tour.gwangju.go.kr/home/tour/info/history.cs?act=view&infoId=119
gwangju_tour,history.cs:120,광주 수창초등학교본관,08:00 ~ 18:00,없음,,,,"수창초교후문 : 금남58 , 봉선37 , 진월07 광주일고 : 첨단09 , 518 , 일곡38 , 금호36 , 첨단95 , 운림51 , 수완49 , 유덕65 , 송정19 , 두암81(무등파크방향) , 문흥39 , 1000 , 진월07 , 두암81(각화초교방향)",https://tour.gwangju.go.kr/home/tour/info/history.cs?act=view&infoId=120
gwangju_tour,history.cs:227,광주MBC옛터(사적7호),00:00 ~ 24:00,없음,,,,"전남여고 : 지원152(능주역) , 봉선37 , 금남57 , 금남58 , 419 , 지원52 , 518 , 두암81(각화초교방향) , 수완49 , 운림54 , 송암74 , 석곡87 , 지원152(도웅리) , 두암81(무등파크방향) 동구노인복지회관 : 송암74 , 1187 , 두암81(각화초교방향) 예술의거리입구 : 매월06 , 수완49 , 금남57 , 송정98 , 지원151(화순사평) , 좌석02 , 419 , 지원151(화순전남대병원) , 문흥39 , 진월07 , 금남58 , 송암74",https://tour.gwangju.go.kr/home/tour/info/history.cs?act=view&infoId=227
gwangju_tour,culture.cs:653,용진정사,10:00 ~ 17:00,없음,무료,있음,,,https://tour.gwangju.go.kr/home/tour/info/culture.cs?act=view&infoId=653
gwangju_tour,culture.cs:106,월계동 장고분,,없음,무료,,,"첨단2동주민센터 : 금호46 , 마을700 , 마을720 , 첨단09 , 임곡91 , 첨단30 , 첨단22 , 운림51 , 첨단94 , 일곡10 , 매월16 무양서원입구 : 일곡10 , 첨단92 , 첨단30 , 마을720 , 첨단09 , 마을700 , 임곡91 , 첨단22 첨단부영아파트 : 첨단92 , 금호46 , 매월16 , 운림51 , 첨단94 첨단사거리 : 일곡10 , 금호46 , 마을720 , 첨단20 , 임곡91 , 첨단23",https://tour.gwangju.go.kr/home/tour/info/culture.cs?act=view&infoId=106
gwangju_tour,culture.cs:1451,월곡고려인문화관 ‘결’,,없음,,,,"월곡시장 : 진곡196 , 첨단20 , 마을700 , 마을720 , 첨단40 , 문흥18 , 송정29 , 봉선37 , 송정98 , 마을701 , 금호46 월곡2동주민센터 : 일곡10 , 상무62 영천초교 : 마을720 , 일곡10 , 문흥18 , 금호46 , 상무62 , 진곡196 , 송정29 대반초교 : 마을700 , 봉선37 , 첨단40 , 마을701",https://tour.gwangju.go.kr/home/tour/info/culture.cs?act=view&infoId=1451
gwangju_tour,culture.cs:1179,이이남 스튜디오,(월~금) 11:00~21:00 (토~일) 10:00~21:30,연중무휴,,,,기독병원 : 금남55 학강초교 : 금남55 양림교 : 금남55 수피아여고 : 금남55,https://tour.gwangju.go.kr/home/tour/info/culture.cs?act=view&infoId=1179
gwangju_tour,culture.cs:167,증심사 철조비로자나불좌상,09:00 ~ 17:00,없음,,주차시설 있음,,,https://tour.gwangju.go.kr/home/tour/info/culture.cs?act=view&infoId=167
gwangju_tour,culture.cs:658,지산재,,없음,,,,"양과동 : 대촌170 , 대촌70",https://tour.gwangju.go.kr/home/tour/info/culture.cs?act=view&infoId=658
gwangju_tour,food.cs:1355,동성떡갈비,09:00 ~ 22:00,주말,,주차 가능,,"광산구청 : 송정99 , 1000 , 송정96 , 송정93 , 송정29 , 송정296 , 마을720-1 , 송정97 , 송정98 , 마을701 , 송정100 , 선운101(송산유원지) , 진월75 , 선운101(시립인광병원) , 임곡290 , 임곡90 , 송정19 , 송정197 , 송정33 , 진곡196 영광통사거리 : 송정96 , 송정100 , 마을700 영광통 : 좌석02 , 송정97 , 마을720-1 , 상무62 , 마을720 , 송정19 , 송정99 , 송정100 , 송정29 , 진월75 , 송정33 , 진곡196 , 일곡38 , 송정98 , 임곡290 , 1000 광주송정역 : 임곡290 , 송정97 , 마을720-1 , 송정29 , 송정98 , 송정33 , 송정19 , 송정93 , 임곡90 , 송정96 , 좌석02 , 송정296 , 마을701 , 진곡196 , 1000 , 송정197 , 선운101(시립인광병원) , 송정100 , 진월75 , 선운101(송산유원지) , 송정99",https://tour.gwangju.go.kr/home/tour/info/food.cs?act=view&infoId=1355
gwangju_tour,food.cs:1433,등촌 본점,11:00 ~ 21:00 ※ 브레이크타임 없음,연중무휴,,있음,애견동반 불가능,"신기교 : 수완03 , 봉선76 , 송암68 , 진월75 빛고을노인건강타운 : 송암47 , 진월177 , 첨단95 , 금남55 , 금남59 구암 : 진월77 , 수완03 , 진월177 , 송암47 대동마을 : 봉선76 , 송암68 , 수완03 , 진월75 , 진월79",https://tour.gwangju.go.kr/home/tour/info/food.cs?act=view&infoId=1433
