"source","source_place_id","name","region","sigungu","category","description","road_address","lot_address","latitude","longitude","phone","website_url","image_url","duration_minutes","indoor","rain_ok","family_friendly","parking_available","wheelchair_accessible","pet_friendly","requires_reservation","price_min","price_max","status","public_transport_score","source_url","source_updated_at","last_verified_at","license","quality_status"
"gwangju_tour","nature.cs:2","광주호 호수생태원","광주","북구","자연·경관","광주호는 1976년 완공된 이래 광주와 담양군 일대 농업용수로 활용하고 있는 인공 호수다. 광주호 상류에 2006년 개장한 광주호 호수생태원은 다양한 동식물에게 서식처를 제공하며 생태계 보전에 기여하고 있다. 진달래, 개나리, 자산홍, 장미, 철쭉, 수국 등 형형색색의 야생화가 핀 테마별 꽃 단지와 부엽식물원이 있어 다양한 생물을 관찰할 수 있고, 버들길, 풀피리길, 별뫼길, 가물치길, 돌밑길 등의 산책길에는 각각의 이름과 주제에 맞는 볼거리로 가득하다. 호수생태원 주변에는 환벽당, 취가정 등 조선 시대 가사 문학의 산실이라 할 수 있는 정자들이 있다. 송강 정철이 '성산별곡' '식영정 20영' 등의 한시를 남긴 식영정, 조선 시대 정원 문화의 진수를 보여주는 소쇄원과도 가깝다. [출처: 광주 트래블 컬렉션]","전남광주통합특별시 북구 충효샘길 7","","35.1837599","127.0010319","062-613-7892","https://www.gwangju.go.kr/envi/contentsView.do?pageId=envi53","https://tour.gwangju.go.kr/uploads/tour/info/nature/201611080307355400.jpg","90","False","False","True","True","True","True","","","","active","0.7","https://tour.gwangju.go.kr/home/tour/info/nature.cs?act=view&infoId=2","","","","draft"
"gwangju_tour","nature.cs:360","무등산 국립공원","광주","동구","자연·경관","2025~2026 한국관광100선 선정 국가지질공원이자 유네스코 세계지질공원으로 지정된 무등산국립공원은 전체면적 75.425㎢, 해발1,187m로 광주,담양,화순에 걸쳐 있다. 서석대, 입석대로 불리는 주상절리(용암이 식을 때 수축하여 생기는 절리 중에 단면의 형태가 오각형이나 육각형의 기둥 모양인 것)을 포함해 기암괴석 등 61개의 자연경관을 자랑한다. 수달, 상제나비, 삵, 담비, 하늘다람쥐, 으름난초 등 멸종위기종 8종을 포함해 총 4,012종의 동식물이 서식하는 것으로 알려져 있다. 신의 돌기둥으로 불리는 주상절리, 광주문화재자료 제1호 천년고찰 증심사, 조선시대 가사문학의 정취가 담긴 가사문화권, 문화·예술의 혼이 서린 운림동 미술관, 원효계곡의 산세 속에 위치한 원효사 등 무등산국립공원은 광주의 모든 것을 품고 있다. 뿐만 아니라 청록색의 무등산 수박과 소박한 건강식인 무등산보리밥도 맛볼 수 있다. 광주 도심에 위치해 있어서 계절마다 수많은 사람들이 찾는다.","전남광주통합특별시 동구 동산길 29","","35.144143","126.989029","062-227-1187","http://knps.or.kr/front/portal/visit/visitCourseMain.do?parkId=122000&amp;menuNo=7020090","https://tour.gwangju.go.kr/uploads/tour/info/nature/201611140956499200.jpg","90","False","False","True","True","True","","","0.0","0.0","active","0.7","https://tour.gwangju.go.kr/home/tour/info/nature.cs?act=view&infoId=360","","","","draft"
"gwangju_tour","nature.cs:1395","광주시립수목원","광주","남구","자연·경관","타 지역의 자연환경이 우수한 지역에 설치된 수목원과는 다르게 , 광주시립수목원은 시민들이 혐오시설로 인식하고 외면 받고 있는 광역 위생 쓰레기 매립장 주변 훼손지를 수목을 식재하여 자연생태환경을 복원하고 편의시설을 설치하는 등의 수목원 조성사업을 통해 , 시민들에게 휴식과 정서 함양 등을 할 수 있는 공간을 제공하는 등 토지이용 효율을 제공합니다","전남광주통합특별시 남구 도동길 142","","35.0943489","126.8832154","062-613-7864","https://www.gwangju.go.kr/envi/contentsView.do?pageId=envi295","https://tour.gwangju.go.kr/uploads/tour/info/nature/202401030159238270.png","90","False","False","False","True","True","False","","0.0","0.0","active","0.7","https://tour.gwangju.go.kr/home/tour/info/nature.cs?act=view&infoId=1395","","","","draft"
"gwangju_tour","nature.cs:255","광주천","광주","동구","자연·경관","무등산 남쪽 자락, 용추계곡에서 발원해 도심을 관통한 뒤 영산강으로 합류하는 하천, 천연기념물이자 멸종 위기 종인 수달과 원앙, 황조롱이, 소쩍새, 삵, 말똥가리 등이 서식한다. 광주천은 조선 시대부터 현재까지 도시 역사에서 중요한 의미를 지닌 장소다. '조탄강'이라 불리던 조선 시대에는 강폭이 지금의 5배 이상이었으며, 드넓은 하천부지는 시민들의 놀이터이자 빨래터였다. 광주천 중류 조탄보에 가둔 물로 광주읍성 바깥에 해자를 지어 적의 침입을 막기도 했다. 일제강점기에에 '광주천'으로 이름이 바뀌었으며, 직강화 사업을 진행하면서 강폭이 좁아지고 수량도 줄었다. 1970년대에 광주천의 지류를 덮는 복개 사업을 본격화했는데, 그 결과 주요 지류는 하수구가 되고, 복개된 하천 위에는 도로와 시장이 생겼다. 광주천의 계속된 오염으로 환경단체와 시민들이 광주천 살리기 운동을 꾸준히 펼쳐 일부 수질개선과 천변 미화 등의 성과를 거두고 있다. [출처: 광주 관광 트래블 컬렉션]","전남광주통합특별시 동구 용연동 ~ 서구 유촌동","","35.146794","126.911871","062-613-4650","","https://tour.gwangju.go.kr/uploads/tour/info/nature/201611220808196400.jpg","90","False","False","False","","","","","0.0","0.0","active","0.7","https://tour.gwangju.go.kr/home/tour/info/nature.cs?act=view&infoId=255","","","","draft"
"gwangju_tour","nature.cs:1227","뒹굴동굴","광주","남구","자연·경관","이 동굴은 일제강점기에 만들어진 방공호 지하시설이다. 광주 도심에 거주하는 일본인들을 미국의 공습으로부터 대피시키기 위해 1940년대 사직공원 밑에 방공호를 건설하였다. 일본인 거주지역에 가깝고 양림산의 지반이 단단하여 안정된 대피가 가능했기 때문에 일본은 방공호를 건설하면서 당초에는 네곳의 입구를 두고 가운데 광장을 만들 계획이었으나, 단단한 화강암 지반으로 인하여 공사 진척이 느려져 완공되지 못한 채 전쟁이 종료되었다. 현재는 일제강점기 잔재물로서 역사문화 유적지로 운영 중이다.","전남광주통합특별시 남구 사동 177-38","","35.142805","126.915384","062-607-2332","","https://tour.gwangju.go.kr/uploads/tour/info/nature/202106301059031990.jpg","90","False","False","False","","","","","","","active","0.7","https://tour.gwangju.go.kr/home/tour/info/nature.cs?act=view&infoId=1227","","","","draft"
"gwangju_tour","history.cs:1146","4·19민주혁명 역사관","광주","동구","역사·전통","‘4·19민주혁명 역사관’은 초·중·고 학생들의 역사문화체험학습 공간으로 운영된다. 특히 정의와 자유, 평화로 상징되는4·19민주이념을 학생들이 잘 체험할 수 있도록 전시 공간을 조성했다. 상설전시관의 바닥은 4·19민주혁명 당시의 신문기사들로 꾸몄다. 입구 정면은 광주 4·19혁명 최초로 광주고 학생들이 교문을 박차고 나와 구호를 외치는 모습을 담은 사진을 확대 전시했다. ‘광주 4·19, 그 날의 일들’을 주제로 묶인 전시에는 광주 4·19혁명 전개 과정을 시간대별로 게시했다. 3·15장송시위부터 이홍길 하숙집 모의, 광주교 교장실 대치, 타종, 광주고 교문 돌파, 시내시위, 경찰 발포의 과정이 생생하게 담겼다. 또 광주 4·19혁명 주역들인 이병열, 김영용, 윤승웅 씨 등의 증언도 함께 전시한다.","전남광주통합특별시 동구 중앙로 302","","35.158572","126.920968","062-225-0419","","https://tour.gwangju.go.kr/uploads/tour/info/history/202108270447422340.jpg","90","False","False","False","","","","","","","active","0.7","https://tour.gwangju.go.kr/home/tour/info/history.cs?act=view&infoId=1146","","","","draft"
"gwangju_tour","history.cs:1171","4·19혁명기념관","광주","동구","역사·전통","광주4·19혁명기념관은 전국에서 유일하다. 3·15부정선거 첫 규탄 이른바 곡(哭)민주주의 장송’ 봉기가 4·19혁명의 첫 횃불로 도화선을 그었던 역사적 상징성을 지니고 있다. 이 기념관은 4·19혁명 46년만에 광주광역시 제4기 박광태 시장의 용단으로 건립된 것으로 매년 1천여명의 전국방문객을 맞고 있다.","전남광주통합특별시 동구 계림동 562-6","","35.16148576","126.9187832","062-234-0149, 062-224-0419","https://minjuroad.kdemo.or.kr/location/251","https://tour.gwangju.go.kr/uploads/tour/info/history/202108270448561450.jpg","90","False","False","False","","","","","","","active","0.7","https://tour.gwangju.go.kr/home/tour/info/history.cs?act=view&infoId=1171","","","","draft"
"gwangju_tour","history.cs:1073","5·18민주화운동기록관","광주","동구","역사·전통","광주광역시에서는 세계기록유산 소장기관으로 인류의 공동유산인 5·18민주화운동 기록유산을 체계적으로 수집하여 영구보존하고 5·18의 역사적 의미를 세계인들과 함께 공유하기 위해 5·18민주화운동기록관을 설립하였습니다. 1980년 5월 역사적 현장이었던 옛 광주가톨릭센터에 자리한 5·18민주화운동기록관에는 그동안 여러 곳에 흩어져 있던 5·18기록물들이 체계적으로 수집·보관되어 있습니다. 5·18의 발발과 진압을 비롯한 원천자료에서부터 문서, 음향, 구술, 학술, 문화적 재현물, 정부기관과 군사사법기관의 자료,시민들의 기록과 증언, 기자들의 사진과 취재수첩, 피해자들의 병원진료 기록 등 4천2백여 권, 86만 페이지, 사진 필름 3천7백여 컷에 달하는 등재 기록물이 수장고에 영구 보존되어 있습니다. 정기해설: (월~토) 10:00, 11:00, 14:00, 15:00, 16:30 / (일) 10시, 11시, 14시30분, 16시 (단체 예약 062-613-8288) ※ 40~50분 소요(단체 일정에 따라 시간조정 가능)","전남광주통합특별시 동구 금남로 221 (금남로 3가 3-5)","","35.1495769","126.9168483","062-613-8299","http://www.518archives.go.kr/ ","https://tour.gwangju.go.kr/uploads/tour/info/history/202108270450188020.jpg","90","False","False","True","","True","False","","0.0","0.0","active","0.7","https://tour.gwangju.go.kr/home/tour/info/history.cs?act=view&infoId=1073","","","","draft"
"gwangju_tour","history.cs:140","고원희 가옥","광주","남구","역사·전통","임진왜란 때 금산(錦山) 전투에서 전사한 의병장 고경명(高敬命)의 옛 집터를 그 후손들이 여러차례 고쳐지은 집이다. 이 집은후손들이 여러 차례 고쳐 지은 집으로 현존 가옥은 1917년 건축한 것이다. 예전에는 더 많은 건물이 있었는데 현재는 사랑채, 안채, 곳간채, 사당, 대문등이 남아있다. 대문은 정면 세칸 측면 한칸이다. 사랑채는 정면 네칸 측면 한칸으로 앞뒤로 마루가 있는 팔작 기와집이다. 다듬돌 바른층 쌓기의 두벌대 기단위에 덤병주초석을 놓고 원형기둥을 세웠다. 기둥 위에는 우미량과 굴도리, 장혀를 보아지와 함께 결합하였다. 평면은 좌로부터 한칸의 방 3개와 한칸의 대청을 1단 높혀 누(樓)마루로 되어 있다. 안채는 정면 여섯칸, 측면 한칸에 전후좌우에 마루가 있는 팔작 기와집이다. 다듬돌 바른층 쌓기의 외벌대 기단위에 덤벙 주초석을 놓고 앞열은 원형 그 외는 사각기둥을 세웠다. 원형 기둥위에는 우미량과 굴도리, 장혀를 보아지와 함께 결합하였다. 내부가구는 고주위에 대량을 걸치고 판대공을 놓았으며 구 위에 종도리를 놓았다. 평면은 좌로부터 한칸반의 부엌, 두칸의 대청, 한칸의 방으로 되어 있다. 창호는 전체가 양쪽으로 열어지는 문이며, 방으로 되어 있고 그 위에 넉살창이 있다. 숭정기원후오갑정사윤이월초구일(崇禎紀元後五甲丁巳閏二月初九日)이라는 상량문에 글씨가 쓰여 있는데 이것으로 건립연대가 1917년임을 알수 있다. 사당은 고경명장군과 그 아들 종후, 인후 형제의 부조묘이다. 이 사당은 정면 세칸 측면 한칸으로 앞에만 마루가 있으며 맞배지붕이다. 외별대의 낮은 기단위에 덤벙 주초석을 놓고 현형기둥을 세웠다. 기둥 위에는 첨자형의 포로 결합하였고, 초익공 위에는 용두를 빼내고 장혀와 굴도리를 얹었다. 내부가구는 대량위에 동자주를 얹고 종보를 걸친 뒤 그 위에 다시 판대공을 놓았으며, 겹처마에 조잡한 모조 단청을 하고 있다. 건립연대는 안채보다 빠른 시기로 추측된다.","전남광주통합특별시 남구 압촌길 78","","35.0925655","126.8385147","062-607-2332","","https://tour.gwangju.go.kr/uploads/tour/info/history/201805150507029420.jpg","90","False","False","False","False","","","","","","active","0.5","https://tour.gwangju.go.kr/home/tour/info/history.cs?act=view&infoId=140","","","","draft"
"gwangju_tour","history.cs:1268","광주 3.1 만세운동 기념비","광주","남구","역사·전통","광주는 일제강점기 시절 광주학생운동을 시작으로 다양한 독립운동이 펼쳐진 고장이다. 이러한 고장에서 3·1 만세운동이 벌어진 것은 당연한 결과이다. 이러한 광주지역의 3·1 만세운동을 기념하고 당시의 넋을 기리기 위해 만들어진 것이 “광주 3.1 만세운동 기념비”이다. 1995년 5월 10일에 건립한 이 기념비는 양림동 256번지 수피아여고 후문 안에 자리 잡고 있다. 앞면에는 ""광주 3·1 만세운동 기념""이라고 새겨져 있고, 뒷면은 1919년 3월 10일 광주 3·1 만세운동에 앞장섰기 때문에 옥고를 치른 수피아 학생들의 이름을 새겨 길이 기념하고자 했다. * 당시의 넋을 기리는 기념비의 추모시 * 기념비에는 박순애, 이태옥, 김양순, 윤혈녀, 김덕순, 조옥희, 이금봉, 하영자, 강화선, 이라혈, 최수향, 김만순, 홍순해 등 23명의 명단이 새겨져 있으며, 옆면은 ""역사의 별이 되어"" 라는 추모시가 다음과 같이 새겨져 있다.천추에 이름 석자 누구나 남기는가, 기미년 3·1 운동 선두에 서서 구국의 일념으로 충성을 맹세하고 태극기 앞에 두고서 독립만세를 외쳤네. 일제의 총칼 앞에 나라가 침탈 당하자 자유 없는 속박에서 사느니보다 사슬을 끊기 위해 목숨 걸고 싸웠네. 모진 고문을 당하여도 이겨낸 고결한 애국 얼이 역사의 별이 되어 무궁토록 빛나네. * 규 모: 넓이 4㎡ 길이 7m * 형 상: 3·1 운동 때 여학생들이 태극기를 들고 만세를 부르고 있는 형상","전남광주통합특별시 남구 백서로 13(양림동)","","35.13676199","126.9096947","062-670-3008","","https://tour.gwangju.go.kr/uploads/tour/info/history/202203030552079800.jpg","90","False","False","False","","","","","","","active","0.7","https://tour.gwangju.go.kr/home/tour/info/history.cs?act=view&infoId=1268","","","","draft"
"gwangju_tour","history.cs:1266","광주 경찰충혼탑","광주","남구","역사·전통","경찰충혼답은 광주 사직공원에 위치해 있는 탑으로 높이가 약 14m에 이른다. 광주공원 입구의 계단을 한참 오르다 보면 나타난다. 이 탑은 여순 사건과 한국전쟁 등 당시 국가를 위해 목숨을 바친 광주, 전남출신 순국 경찰관 3,196명의 위패를 봉안하고 있다. 경찰충혼탑은 원래 1956년 전남도청 앞 상무관 정원에 건립되었는데 시간이 지나 탑이 붕괴 위험에 처해졌고, 이것을 1981년 10월 23일 현재의 위치(사구동 177번지)에 이전 건립하여 지금에 이르고 있다. * 경찰충혼탑이 있는 광주 사직공원 * 사직공원은 광주시의 제1호 공원이다. 옛날에는 성거사가 있었으며 일제강점기 때는 일본인들의 신사가 있던 곳인데 현재는 현충각과 광주시립 박물관, 시민관 등이 자리하고 있다.현충탑을 중심으로 한 공터는 노인들의 휴식처로 애용된다. 사직공원은 장수의 상징인 거북이 형상을 하고 있으며, 이곳에는 1974년 새로 설립한 광주시립 국악원과 조선조 이래의 생활도구를 전시한 민속관이 광주시립박물관에 병설되어있다.","전남광주통합특별시 남구 사직길 49","","35.142542","126.9155968","062-675-3280","","https://tour.gwangju.go.kr/uploads/tour/info/history/202203030549151670.jpg","90","False","False","False","","","","","","","active","0.7","https://tour.gwangju.go.kr/home/tour/info/history.cs?act=view&infoId=1266","","","","draft"
"gwangju_tour","culture.cs:161","(전) 광주 성거사지 오층석탑","광주","남구","문화·예술","광주천변에 위치한 광주공원은 성거산(聖居山)이라 불리웠다. 여기에 성거사라는 절이 있었다고 한다. 이 절에 있던 5층 석탑이라 하여 전 성거사지 오층석탑이라 명했다. 고려시대에 세워진 것으로 추정되며 보물 제109호로 지정되어 있다. 석탑의 아랫부분은 단층이며, 이 위에 2단으로 나누어 5개의 돌을 맞추고 있다. 이는 이전에 볼 수 없던 고려시대에 흔히 나타나는 특색이다. 지붕돌 밑면의 받침은 4단이고 각 귀퉁이는 모두 약간씩 치켜 올려져 있다. 1961년에 석탑을 다시 고쳐 세울 때 2층 탑신에서 금동으로 만든 집 모양의 사리장치가 발견되었다. 이 석탑과 관련하여 이야기 하나가 전해지고 있다. 성거산의 모양이 거북이처럼 생겨 지명도 구동(龜洞)으로 불리운다. 그런데 거북이가 광주를 떠나는 방향으로 가는 형세여서 광주를 떠나지 못하도록 거북의 등 위치에 성거사를 세우고 거북의 목 부근에는 5층석탑을 세웠다는 이야기다. 당초에 석탑은 꼬리부분에 세우려 했으나 몇 번이고 무너지자 지나가는 승려가 움직이는 꼬리에 세우려하니 무너지는 것이라며 움직이지 못하게 목에 세워야 한다고 해서 현재의 자리에 세워졌다 한다.","전남광주통합특별시 남구 서오층석탑2길 17","","35.147863","126.90791","062-607-2332","","https://tour.gwangju.go.kr/uploads/tour/info/culture/201805230508347890.jpg","90","True","True","False","","","","","","","active","0.7","https://tour.gwangju.go.kr/home/tour/info/culture.cs?act=view&infoId=161","","","","draft"
"gwangju_tour","culture.cs:1253","경장각","광주","광산구","문화·예술","경장각은 조선인조(仁祖1551∼1627) 때의 문신(文臣)이었던 이신의(李信儀)을 배양하는 곳이다. 이 곳에는 이신의의 유물로 선조왕 친필병풍(親筆屛風)과 거문고가 보존되어 있다. 병풍은 인조가 그의 충절을 가상히하여 선조왕 친필을 하사한 것이며, 거문고는 석탄이 평소 애용하던 거문고이다. 이신의는 정묘호란 때 왕을 대동하여 강화도로 가던 중 병으로 인천에 체류하다가 수원 마정리에서 객사하였다.","전남광주통합특별시 광산구 용아로 460(흑석동)","","35.18436319","126.8052666","062-960-8253","","https://tour.gwangju.go.kr/uploads/tour/info/history/202203030519331520.jpg","90","True","True","False","","","","","","","active","0.7","https://tour.gwangju.go.kr/home/tour/info/culture.cs?act=view&infoId=1253","","","","draft"
"gwangju_tour","culture.cs:1050","광주 미디어아트 플랫폼","광주","남구","문화·예술","2014년 12월 국내에서 처음으로 유네스코 미디어아트 창의도시로 선정된 광주시는 ‘광주 미디어아트 창의도시 마스터플랜’ 수립을 시작으로 미디어아트 창의벨트, 미디어아트 플랫폼 조성, 미디어아트 플랫폼 파사드 콘텐츠 개발, 미디어아트 페스티벌 개최 등 ‘미디어아트’를 통해 예술과 삶의 연결을 주도하는 문화산업 도시로서의 기반을 구축해왔다. 광주미디어아트플랫폼(G.MAP/Gwangju Media Art Platform) 은 광주시의 미디어아트 관련 특성화 정책을 총괄적으로 수행하는 컨트롤 타워로서, 시민과 예술가의 창의 역량을 축적하고 창의적인 도시환경 개선을 통해 예술-과학-산업의 선순환 기능을 주도해 나갈 것이다. G.MAP은 지하 2층, 지상 3층 규모로 건립되었으며, 크게 창작과 전시, 교육 및 교류 공간으로 구분된다. G.MAP은 시민, 예술가, 창의 인력이 만드는 미디어아트 문화 공간, 예술, 기술, 산업이 융합하는 미디어아트 창의 공간, 전 세계 창의도시를 연결하는 교류공간 등 세계를 향한 미디어아트의 허브로서 역할을 해나갈 것이다. ○시설현황 - 주요시설: 전시실, 미디어아트라운지, 창·제작실, 세미나실, 네트워킹실 [출처: 광주미디아트플랫폼 누리집]","전남광주통합특별시 남구 천변좌로 338번길 7 (구동12) 빛고을시민문화관 일대","","35.1481359","126.9086454","062-613-6124/070-4195-2104","http://gmap.gwangju.go.kr/","https://tour.gwangju.go.kr/uploads/tour/info/culture/202405230645462440.jpg","90","True","True","True","","True","False","","0.0","0.0","active","0.9","https://tour.gwangju.go.kr/home/tour/info/culture.cs?act=view&infoId=1050","","","","draft"
"gwangju_tour","culture.cs:162","광주 자운사 목조아미타래여좌상 및 복장유물","광주","동구","문화·예술","이 불상은 복장품에서 1388년 중수개금한 내용의 기문이 밝혀져 그 이전에 조성되었음을 알 수 있다. 재료의 특성상 목제가 오랫동안 전래되기 어려운 한계가 있다는 것을 감안하면 고려시대에 조성된 목조 불상으로서 중요한 자료이다. 1276년에 제작된 개운사 목조 아미타불좌상을 비롯하여 수국사 목조아미타불좌상, 화성 봉림사 목조아미타불좌상 등 대체로 12세기 말에 제작되었다고 생각되는 일련의 목불좌상들과 같은 계열의 불상이다. 자운사의 복장전적은 대수구다라니(大隨求陀羅尼) 및 주금강경(注金剛經) 등 국내에 처음 소개되는 의미 있는 자료가 다수 있으며, 함께 발견된 복장조성기에 의해 복장이 조성된 절대연대가 확실하여 서지학 분야의 판본 연구는 물론, 불교학의 내용 연구와 미술사의 도상(圖像) 연구에 있어서 중요한 자료적 가치를 지닌 복장 유물로 평가된다. 또한 섬유류의 유물이 존속하기 어려운 우리나라의 기후·환경 조건 등을 고려할 때 자운사 복장직물의 역사적·민속적 가치가 크다. 1611년에 내장된 후령통(候鈴筒)과 팔엽연화(八葉蓮花), 오보병(五寶甁)도 일괄 부속품으로 함께 지정한다.","전남광주통합특별시 동구 지호로106번길 8-8","","35.1479923","126.941531","062-608-3333","","https://tour.gwangju.go.kr/uploads/tour/info/culture/201805290454267220.jpg","90","True","True","False","","","","","","","active","0.7","https://tour.gwangju.go.kr/home/tour/info/culture.cs?act=view&infoId=162","","","","draft"
"gwangju_tour","culture.cs:163","광주 지산동 오층석탑","광주","동구","문화·예술","광주광역시내에 상당한 거리를 두고 떨어져 있는 2기의 탑 가운데 동쪽에 위치한 것으로 통일신라 후기의 석탑이다. 탑이 서있는 부근은 백주사(栢州寺)터로 알려져 있기도 하나 추정할 만한 자료는 아직 발견되지 않았다. 탑의 구성은 2단의 기단(基壇) 위에 5층의 탑신(塔身)을 세운 형태로 신라석탑의 기본형을 잃지 않고 있다. 탑의 받침대 역할을 하는 기단부는 여러 개의 돌을 짜맞추어 구성하였으며, 탑신부의 몸돌과 지붕돌은 각각 하나의 돌로 이루어졌다. 특히 지붕돌 밑면의 받침이 1층은 5단인데 비해 2층부터는 4단으로 간략화되어, 양식상 만들어진 시대가 통일신라 후기로 내려옴을 알 수 있다. 1955년 해체, 수리할 때 4층 지붕돌 윗면에서 사리장치가 발견되었고 1961년에 다시 수리를 하여 일부 석재를 보완하였다. 광주 전남지방에 남아있는 몇 안 되는 5층석탑 가운데서도 우수한 통일신라 후기의 석탑이다.","전남광주통합특별시 동구 지산로 57","","35.149016","126.9327667","062-608-3333","","https://tour.gwangju.go.kr/uploads/tour/info/culture/201805290452105490.jpg","90","True","True","False","","","","","","","active","0.7","https://tour.gwangju.go.kr/home/tour/info/culture.cs?act=view&infoId=163","","","","draft"
"gwangju_tour","culture.cs:1248","광주광산문화원","광주","광산구","문화·예술","광산문화원은 1965년 2월 25일 창립된 역사와 전통을 자랑하는 문화원이다. 광주광역시 전체면적의 46%에 해당하는 광산구는 광주광역시의 역사와 궤를 같이하고 있을뿐만 아니라 천혜의 경관으로 도시와 농촌이 잘 어우러진 아름다운 곳이다. 광산문화원은 이러한 지리적 여건과 역사성을 살려 지역문화 창달에 앞장서고 있다. 광산문화원의 대표적인 사업으로는 향토사연구를 비롯하여, 민족애국시인인 용아 박용철 전국백일장, 어등미술대전, 문화학교를 운영하고 있다 * 문화사업 * 광산문화원에서는 각계각층의 지역주민의 참여를 기반으로 문화예술교육을 통한 건전한 여가문화 활성화를 위한 문화학교를 운영 중에 있다. 노래, 재즈, 요가, POP, 문학기행 등의 강좌를 운영하고 있으며, 도자기 체험 등 주말가족프로그램도 운영하고 있다. 또한 평소 문학에 관심이 많은 분들에게 자기개발과 자아성취의 장을 마련하고, 문학에 소질이 있는 숨은 인재를 발굴하여 지역문화발전에 기여하고자 용아 박용철 전국백일장을 개최한다 이외에도 방학기간이나 주말에 가족과 함께하는 전통문화체험(한지공예교실, 도자기현장체험교실)을 함으로써 우리전통문화에 대한 이해와 가치관을 함양시키는 전통예술학교를 운영 중이며, 광산지역의 유래, 전설, 인물 등의 향토자료를 조사하는 어등의 맥 사업도 진행 중이다.","전남광주통합특별시 광산구 상무대로 265","","35.14244553","126.7951297","062-941-3377","http://gjgwangsan.kccf.or.kr/","https://tour.gwangju.go.kr/uploads/tour/info/experience/202202240414513580.jpg","90","True","True","True","True","","","","","","active","0.7","https://tour.gwangju.go.kr/home/tour/info/culture.cs?act=view&infoId=1248","","","","draft"
"gwangju_tour","sports.cs:1133","5·18자유공원 역사체험","광주","서구","체험·스포츠","5.18민주화운동 당시 민주주의를 지키기 위해 참여하신 분들이 구금되어 군사재판을 받았던 5.18자유공원 일대에서 인권평화화합의 정신을 기리는 역사체험 프로그램을운영하고 있습니다.","전남광주통합특별시 서구 상무평화로 13","","35.148819","126.840089","062-613-5184","","https://tour.gwangju.go.kr/uploads/tour/info/experience/201903280555074770.jpg","150","False","False","False","","","","","","","active","0.7","https://tour.gwangju.go.kr/home/tour/info/sports.cs?act=view&infoId=1133","","","","draft"
"gwangju_tour","sports.cs:1131","CCTV통합관제센터 VR 영상 체험","광주","서구","체험·스포츠","안전한 도시환경 조성을 위해 관내 설치된 CCTV의 필요성 및 CCTV통합관제센터의 역할을 널리 알리고자 CCTV VR 영상 체험관을 운영하고 있습니다. 이용 대상은 8세 이상이고 정원은 10명으로 이루어지나 VR체험은 1타임당 5명까지만 가능하므로 2타임에 나누어 진행됩니다. VR체험은 다소 어지러울 수 있으니 체험이 어려우신 분은 제외 할 수 있습니다. [출처: 광주광역시 사회재난과]","전남광주통합특별시 서구 화정로 149 광주광역시CCTV통합관제센터","","35.145622","126.873756","062-613-6445","","https://tour.gwangju.go.kr/uploads/tour/info/sports/202405240350150600.jpg","150","False","False","False","True","","False","","0.0","0.0","active","0.7","https://tour.gwangju.go.kr/home/tour/info/sports.cs?act=view&infoId=1131","","","","draft"
"gwangju_tour","sports.cs:1240","광주공연마루","광주","서구","체험·스포츠","광주공연마루는 본래 광주가 선도해 온 광산업을 알리기 위해 개막한 ‘2010 광주세계광엑스포’(2010년4월2일~5월9일)의 세계 광엑스포 빛주제 영상관으로 사용되었던 곳입니다. 행사 후 활용 방안으로 시민들의 의견과 광주발전연구원의 연구용역을 거쳐 영구시설물로서 유일하게 현존하고 있으며, 2011년부터 2018년까지 빛고을 유소년 영화체험전을 비롯해 애니메이션 기획전, ACE Fair 관련 3D 특별전, 달맞이 테마극장, 안전콘텐츠 체험관, 문화가 있는 날 수요극장 등이 개최되었으며, 2014년 공연장으로 등록되었습니다. 그러다 광주시가 문화수도 ‘예향광주’의 이미지에 걸맞은 브랜드 상설 공연장을 마련할 계획을 세우며, 2018년 행정안전부로부터 현안사업 특별교부금으로 10억원을 확보해 개조해 광주 브랜드 상설공연장으로 탈바꿈되어 시민들이 일상에서 공연을 즐길 수 있는 공간으로 활용되고 있습니다. ○ 주요사업 - 공연장 대관 및 운영사업: 개그, 미술, 연극, 콘서트, 영화제 등 여러 장르의 작품이 복합적으로 공연되는 문화의 장으로 활용 - 다양한 기획 프로그램을 중심으로 공연문화 활성화 사업 추진 ○ 공연개요 - 장르: 교향, 창극, 발레, 국악국악관현악, 합창, 연극, 오페라, 전통예술 - 기간/시간: 2024. 01. 20. ~ 2024. 12. 22. / 토 ~ 일요일 17시 * 전월 세 번째 수요일 오전 10시 오픈 / 해당 공연 1일 전 17시 마감 - 관람 및 금액: 4세이상(교향악 8세이상) / 관람료는 전체 무료 - 예약안내: 인터넷 예약은 광주예술의전당 누리집에서 가능 / 단체 및 개인 5인 이상 예약시 전화예약(062-613-8372,8379) - 티켓배부: 예약티켓배부는 공연 당일 16시~16시40분 예약내역(관람연령 등) 확인 후 배부하며, 현장티켓은 당일 16시30분 이후 잔여좌석에 대하여 배부함(좌석변경 불가)","전남광주통합특별시 서구 상무시민로 3 광주공연마루","","35.155799","126.839756","062-613-8379/8372","https://gjart.gwangju.go.kr/gjgugak/cmd.do?opencode=p0202","https://tour.gwangju.go.kr/uploads/tour/info/culture/202111120212112410.jpg","150","False","False","False","","","False","","0.0","0.0","active","0.7","https://tour.gwangju.go.kr/home/tour/info/sports.cs?act=view&infoId=1240","","","","draft"
"gwangju_tour","load.cs:258","동적골 생태탐방로","광주","동구","도보·산책","동적골 산책로' 는 한국보건사회연구원에서 동구청이 공모하여 '2010 건강영향평가기술지원시범사업'으로 선정된 사업이다. 학운초등학교 앞 동적교에서 체육쉼터에 이르는 동적골 산책로로 무등산 새인봉과 중머리재 등산로의 일부이기도 하다. 동구청에서는 동적골 생태탐방로의 1,700㎡부지에 8만여 송이의 튤립공원을 조성하여 시민들의 사랑을 받고 있다.","전남광주통합특별시 동구 지산동 동적교에서 체육쉼터","","35.1483152","126.9441243","062-608-2114","","https://tour.gwangju.go.kr/uploads/tour/info/course/201611240310417730.jpg","90","False","False","False","","","","","","","active","0.7","https://tour.gwangju.go.kr/home/tour/info/load.cs?act=view&infoId=258","","","","draft"
"gwangju_tour","load.cs:88","무돌길","광주","북구","도보·산책","무돌길은 마을과 마을을 잇던 길로써 1910년대에 제작된 지도를 기본자료로 하여 발굴 복구한 길이다. '무등산자락 무돌길'이란 이름은 구전으로 알려진 무등산의 옛이름 ""무돌뫼""와 ""무등산을 한바퀴 돌아가는 길""이란 의미를 지닌다. 총길이 약 51.8km, 15개 구간으로 거리와 역사성을 반영하여 복구한 길이다. 자세한 정보는 www.mudeungsan.org(무등산보호단체협의회)에서 제공한다. 제1길~제4길(광주 북구) 11.50km, 3시간 10분 각화마을→신촌마을→등촌마을→배재마을→금정촌→금곡리→평촌리→동림마을 제4길~제7길(전남 담양) 6.5km, 2시간 10분 반석마을→연천리→산음→정곡리→경상리→무동리 제7길~제12길(전남 화순) 18km, 4시간 50분 송계마을→서동마을→용강마을→영평리→장복마을→안심리→수만리→만수동→중지마을 제12길~제15길(광주 동구) 15.8km, 4시간 10분 용연마을→선교마을→광주천(주남→지원동→소태동→학동)→남광주 역사→푸른길(학동→서석동→산수동→풍향동→계림동→중흥동)→광주역","전남광주통합특별시 북구 각화대로 93","","35.1790507","126.9405269","062-528-1187","http://www.mudeungsan.org","https://tour.gwangju.go.kr/uploads/tour/info/course/201611140955325600.jpg","90","False","False","False","","","","","","","active","0.7","https://tour.gwangju.go.kr/home/tour/info/load.cs?act=view&infoId=88","","","","draft"
"gwangju_tour","load.cs:203","무등산 등산로","광주","북구","도보·산책","새인봉 - 입석대 코스 : 무등산의 전체적인 윤곽과 광주시가지의 풍경을 한 눈에 조망하여 즐기는 중거리 대표 코스, 능선길을 따라 무등산의 아름다운 풍경을 조망하며 입석대·서석대에 오르는 대표적인 탐방 코스(6.8km, 3시간30분 소요) 증심사주차장 입구에서 능선을 따라 오르는 탐방코스로 운소봉, 새인봉, 서인봉 이렇게 큰 봉우리 3개를 넘은 후 장불재를 거쳐 천연기념물 입석대·서석대까지 오르는 코스다. 무등산의 멋진 풍경과 정상을 한눈에 바라보면서 광주시가지의 모습까지도 볼 수 있어 힘들어도 즐겁게 올라갈 수 있는 코스다. 늦재 - 옛길코스 : 오솔길 같은 늦재 구간을 지나 옛길 2번을 경유하는 길로 넓게 펼쳐진 무등산의 경치를 감상하며 걷는 코스, 원효사입구에서 출발하여 늦재, 동화사터, 장불재를 거쳐 옛길 2번을 따라 다시 원효사로 돌아오는 코스로 무등산의 안과 밖 경치를 두루 감상할 수 있는 코스(10.4km, 4시간 50분소요) 무등산의 중턱에서 출발하여 장불재를 거쳐 서석대와 입석대를 조망할 수 있는 코스로 무등산의 전체적인 윤곽을 살 필 수 있는 코스다. 또한 무등산 옛길 중 가장 잘 조성된 옛길 2번을 따라 원효사로 다시 돌아올 수 있어 대중교통을 이용하기에 가장 적당한 코스로 추천할 수 있다. 당산나무 코스 : 남녀노소 무등산에 오면 가장 많이 찾는 코스로, 무등산의 중턱에 올라 전체적인 전망을 한눈에 볼 수 있는 대표 탐방코스, 증심사에서 당산나무를 거쳐 중머리재에 이르는 대표 탐방코스 4.0km, 1시간35분 소요) 비교적 완만한 경사를 따라가는 코스로 누구에게나 쉬운 산행으로 추천하는 탐방코스 증심사에서 당산나무를 거쳐 중머리재에 이르는 코스로 마을의 수호신으로 모셔 제사를 지냈던 당산나무를 지나 위에서 보면 중의 머리같이 생겼다하여 이름 붙여진 중머리재까지 이르는 코스다. 비교적 편안하고 중간에 아름다운 전망을 볼 수 있는 코스로 무등산 대표코스로 추천할 수 있다. 시무지기폭포 코스 : 봉황대, 천재단 등 역사적 유적지를 관찰한 후 장","전남광주통합특별시 북구 무등로 1550","","35.14399","126.9890221","062-227-1187","http://www.knps.or.kr/front/portal/visit/visitCourseSubMain.do?parkId=122000&amp;parkNavGb=guide&amp;menuNo=7020090","https://tour.gwangju.go.kr/uploads/tour/info/course/201611240317246780.jpg","90","False","False","False","False","","","","0.0","0.0","active","0.7","https://tour.gwangju.go.kr/home/tour/info/load.cs?act=view&infoId=203","","","","draft"
"gwangju_tour","load.cs:402","빛고을산들길","전남광주통합특별시 5개","","도보·산책","지도보기 ㆍ관리 부서 : 공원녹지과(광주광역시(062-613-4451), 동구(062-608-2962), 서구(062-360-7610), 남구(062-607-3841), 북구(062-410-6444), 광산구(062-960-8728)) ㆍ주노선 구간별 세부내용 / 탐방 소요일 : 6일 주노선 구간별 세부내용 구 간 관리 지역 기점 및 종점 거 리 계 광주광역시 6개 구간 81.5km 1 구간 북구 북구 용산교(담양경계)~삼각산~도동고개 9.8㎞ 2 구간 동, 북구 도동고개 ~ 잣고개 ~ 동구 장원봉 ~ 동적골 14..4㎞ 3 구간 동, 서, 남구 동적골~남구 진월교차로~서구 금당산~풍암저수지 11.5㎞ 4 구간 서, 광산구 풍암저수지~(백마산)만귀정~서창교~ 광산구 평동역~평동저수지 16.6㎞ 5구간 광산구 평동저수지~복룡산길~황룡강~임곡역 12.7㎞ 6구간 북, 광산구 임곡역~진곡~하남산단~비아~용산교 16.5㎞ ㆍ부노선 세부내용 부노선 세부내용 구 간 기점 및 종점 거 리 계 3개 노선 20.2km 1노선 동구 화산마을~분적산~진월교차로 / 분적산 노선 5.3㎞ 2노선 광산구 송산유원지 ~ 어등산 깃대봉 ~ 마호제 ~ 황룡강 / 어등산 노선 7.2㎞ 3노선 광산구 용진교 ~ 월봉서원~두정마을 / 백우산 노선 7.7㎞","전남광주통합특별시 5개 자치구","","35.119836","126.931738","062-613-4451","","https://tour.gwangju.go.kr/uploads/tour/info/course/201611180529163070.jpg","90","False","False","False","","","","","","","active","0.7","https://tour.gwangju.go.kr/home/tour/info/load.cs?act=view&infoId=402","","","","draft"
"gwangju_tour","park/003.cs:4","중외공원","광주","북구","공원·정원","중외공원은 수려한 자연 속에서 휴식을 취할 수 있는 도시 근린공원으로서 인기가 높은 으로 공원으로 휴일이면 나들이객들로 붐빈다. 특히 이곳에 사람들이 가장 많이 찾는 시기는 바로 봄과 가을이다. 그 이유는 공원의 드넓은 잔디밭과 함께 다양한 꽃과 수목이 심어져 있어서, 봄꽃놀이와 가을철 단풍명소로 유명한 곳이다. 또한, 광주의 관문에 설치된 무지개다리는 비엔날레 상징물로서 1회 광주비엔날레 때 설치된 또 다른 볼거리이다.","전남광주통합특별시 북구 하서로 50","","35.1808412","126.8824016","062-613-7100","https://artmuse.gwangju.go.kr/co/contentsView.php?pageID=artmuse0110010000&amp;","https://tour.gwangju.go.kr/uploads/tour/info/rest/201804100439211270.jpg","90","False","False","False","","True","True","","","","active","0.7","https://tour.gwangju.go.kr/home/tour/info/park/003.cs?act=view&infoId=4","","","","draft"
"gwangju_tour","park/003.cs:278","풍암생활체육공원","광주","서구","공원·정원","풍암생활체육공원은 과거 쓰레기 매립장을 생태공원으로 조성한 좋은 사례다. 국내에서 자생하는 수목 및 야생화를 비롯해 각종 유실수와 다양한 식물이 식재되어 있어 도심 속 주민들의 향수를 자극한다. 또한 전국명산을 대표하는 유명산 야생화단지는 곤충 · 조류 등 다양한 생물의 서식공간을 제공하며, 자연을 체험하고 싶은 청소년들의 학습장으로 활용되고 있다. 2010년 8월에는 광주월드 뮤직페스티벌이 이 공원에서 개최되어 풍암지구 카페거리와 잘 가꿔진 중앙공원 내 풍암호수공원 등과 조화를 이뤄 광주의 새로운 명소로 자리잡아 가고 있다.","전남광주통합특별시 서구 풍암동 20","","35.129327","126.883812","062-360-7225","https://seogu.gwangju.kr/culture/index.9is?contentUid=40284849518fe88a0151a83fe16e155f","https://tour.gwangju.go.kr/uploads/tour/info/rest/201611240920203560.jpg","90","False","False","False","True","","True","","0.0","0.0","active","0.7","https://tour.gwangju.go.kr/home/tour/info/park/003.cs?act=view&infoId=278","","","","draft"
"gwangju_tour","park/003.cs:279","풍암호수","광주","서구","공원·정원","1956년 농업용수를 공급하기 위해 축조한 풍암저수지는 1975년에 처음 공원으로 지정됐고, 1999년에는 수변 생태공원으로 거듭났다. 계절에 따라 다양한 꽃이 피는데, 특히 2012년에 개장한 장미원이 볼만하다. 이곳에는 루지메이앙, 슈왈츠마돈나 등 장미 140여 종, 2만여 주가 식재돼 있다. 용두동에 자리한 봉황산과 풍암지구를 둘러싼 금당산을 두루 조망할 수 있는 벤치가 마련돼 있으며, 쉼터와 작은 도서관, 야외 공연장 등을 갖춰 자연과 함께 문화를 즐기기에 좋다. 산책로 곳곳에는 시문이 적힌 팻말이 있어 낭만적 분위기를 더한다. [공원 규모 및 시설물] - 일주산책로 : 2.2km - 조경시설 : 고사분수 1개소, 폭기분수 3개소, 벽천분수 1개소 - 휴양시설 : 버드나무쉼터 1개소, 잔디광장 1개소, 등나무쉼터 1개소 - 운동시설 : 2개소 (하늘걷기 등 12종 18점) - 생태시설 : 꽃차원(6,100㎡), 자연체험학습장(1,035㎡), 야외음악당(280석), 생태습지(2,900㎡), 장미원(5,640㎡) - 편익시설 : 목교4개소 253m, 한식정자 1동, 연식파고라 1동, 화장실 2동 등","전남광주통합특별시 서구 월드컵서로 71-3(풍암동)","","35.1299485","126.8707485","062-360-7225","https://www.seogu.gwangju.kr/culture/index.9is?contentUid=40284849518fe88a0151a832396e14ee","https://tour.gwangju.go.kr/uploads/tour/info/rest/201611141005445730.jpg","90","False","False","False","True","True","True","","0.0","0.0","active","0.7","https://tour.gwangju.go.kr/home/tour/info/park/003.cs?act=view&infoId=279","","","","draft"
"gwangju_tour","park/003.cs:1168","상무시민공원","광주","서구","공원·정원","상무시민공원 여름에 물놀이장으로 유명하며 다양한 놀이기구가 한곳에 밀집되어 있어서 작지만 아이들이 놀기에는 부족함이 없는 곳입니다. 어린이들을 위한 물놀이 시설로서 물놀이터 1개, 얕은 수영장 1개, 그늘시설이 갖춰져 있습니다. 주변 축구장과 테니스장도 있어서 광주 시민들에게 여가생활을 즐기기 좋은 공원입니다. ○인공호수 : 2개소 ○체육시설 : 종합운동장 1개소, 테니스장 3면, 농구장 1면, 배구장 1면, 배드민턴장 4면 ○교양시설 : 야외무대 1개소 ○수경시설 : 물놀이시설 1점 ○편의시설 : 주차장(2개소 250대), 쉼터 등 6종, 공원등 164등 ○공원시설 : 관리사무소 1개소, 화장실 8동, 경로당 등 [출처: 서구청 문화관광누리집]","전남광주통합특별시 서구 상무공원로 101 1162","","35.153607","126.841631","062-360-7850","https://www.seogu.gwangju.kr/culture/index.9is?contentUid=40284849518fe88a0151a8353d981500","https://tour.gwangju.go.kr/uploads/tour/info/rest/202007171101546150.jpg","90","False","False","True","True","","True","","","","active","0.7","https://tour.gwangju.go.kr/home/tour/info/park/003.cs?act=view&infoId=1168","","","","draft"
"gwangju_tour","park/003.cs:272","운천호수","광주","서구","공원·정원","일제강점기 초기에 상무대와 민력동의 논에 물을 대는 역할을 했고, 수영과 뱃놀이를 즐기는 장소였다. 1951년 마륵동 농경지에 용수를 공급하기 위해 길이 420m의 제방을 쌓았다. 금호/상무지구의 대규모 택지개발 후 악취와 해충 문제로 매립될 위기에 처했으나 1995년부터 오폐수를 차단하고 맑은 물을 공급하여 저수지와 주변 7만 4,020㎡의 공간을 자연생태공원으로 조성했다. 저수지를 빙 둘러 산책로(500m),조형물,분수,실개천,지압로,정자 등이 있고, 여름에는 홍련이 저수지를 가득 메우며, 논병아리,흰뺨검둥오리 등의 조류가 찾아 드는 도심 속 명소가 되었다. 2010년부터는 음악분수와 야간경관이 조화를 이뤄 무더운 여름날 시민들에게 시원한 즐거움을 선물하고 있다.","전남광주통합특별시 서구 쌍촌동 869-9","","35.147986","126.85477","062-360-7990","https://www.seogu.gwangju.kr/culture/index.9is?contentUid=40284849518fe88a0151a840cfe91564","https://tour.gwangju.go.kr/uploads/tour/info/rest/201805010426051610.jpg","90","False","False","False","","","","","","","active","0.7","https://tour.gwangju.go.kr/home/tour/info/park/003.cs?act=view&infoId=272","","","","draft"
"gwangju_tour","park/003.cs:5","광주공원","광주","남구","공원·정원","광주공원은 광주시의 제1호 공원으로 시민들이 즐겨찾는 휴식공간이다. 옛날에는 성거사가 있었으며 일제강점기 때는 일본인들의 신사가 있던 곳인데 현재는 현충각과 광주시립 박물관, 시민관 등이 자리하고 있다. 주요 시설로는 복원된 사직단과 광주방송총국(KBS), 경찰충혼탑, 연파정, 전통국궁 수련장인 관덕정, 시가지를 조망할 수 있는 팔각정 등이 있다. 현충탑을 중심으로 한 공터는 노인들의 휴식처로 애용된다. 광주공원은 장수의 상징인 거북이 형상을 하고 있다. 각종 수목과 화초를 이용한 조경이 잘 되어 있으며, 매년 4월 중순이면 벚꽃이 만발한다.","전남광주통합특별시 남구 중앙로107번길 15(구동)","","35.1468321","126.9093969","062-613-6463","https://www.namgu.gwangju.kr/menu.es?mid=a70202010400","https://tour.gwangju.go.kr/uploads/tour/info/rest/201805150350403980.jpg","90","False","False","False","True","","True","","","","active","0.7","https://tour.gwangju.go.kr/home/tour/info/park/003.cs?act=view&infoId=5","","","","draft"
"gwangju_tour","nature.cs:1286","운천저수지","광주","서구","자연·경관","1956년 주변 농경지에 농업용수를 공급하기 위해 축조한 저수지로, 1990년대 중반 이후 일대가 택지로 개발되며 도심 속 공원으로 변모했다. 저수지를 한 바퀴 돌 수 있는 500미터 길이의 산책로와 분수, 실개천, 지압로, 정자 등이 조성돼 있다. 공원 내 산책로는 백석산으로 이어지는데, 경사가 완만해 어린이와 노약자도 쉽게 오를 수 있는 산이다. 저수지 주변으로 카페와 음식점 등이 즐비해 산책을 즐긴 뒤 식사를 하거나 음료를 마시며 여유로운 시간을 보내기에도 좋다. [출처: 광주 트래블 컬렉션]","전남광주통합특별시 서구 운천로 165(쌍촌동) 일대","","35.14716547","126.8562353","062-360-7990","https://www.seogu.gwangju.kr/menu.es?mid=a70901010000","https://tour.gwangju.go.kr/uploads/tour/info/nature/202203100520050750.jpg","90","False","False","True","","","","","","","active","0.7","https://tour.gwangju.go.kr/home/tour/info/nature.cs?act=view&infoId=1286","","","","draft"
"gwangju_tour","nature.cs:1045","승촌보 유채꽃밭","광주","남구","자연·경관","광주와 나주의 경계면에 위치한 승촌보는 자전거 라이딩과 갬핑장으로 인기가 많은 장소입니다. 봄이 되면 승촌보 주변 물길을 따라 샛노란 유채꽃 물결이 장관을 이루는 곳입니다. 아름다운 유채꽃 길을 따라 산책하며 봄을 느낄 수 있는 곳입니다.","전남광주통합특별시 남구 승촌동 598-1","","35.063062","126.75591","","","https://tour.gwangju.go.kr/uploads/tour/info/nature/201707121026437330.jpg","90","False","False","False","","","True","","0.0","0.0","active","0.7","https://tour.gwangju.go.kr/home/tour/info/nature.cs?act=view&infoId=1045","","","","draft"
"gwangju_tour","nature.cs:209","어등산","광주","광산구","자연·경관","물고기가 올라간다'는 의미의 산 이름과 관련해 잉어전설이 몇 가지 전해진다. 하나는 죽파 오성술 장군의 모친이 장군을 출산하고 그에 대한 보답으로 황룡강에 잡힌 잉어 한 마리를 방생했는데, 갑자기 구름이 일며 용으로 변한 잉어가 산을 타고 승천해 어등산으로 불렀다는 설이다.","전남광주통합특별시 광산구 산정동 산 85-1","","35.1553408","126.7514993","062-960-6857","https://www.gwangsan.go.kr/culture/contentsView.do?pageId=culture130","https://tour.gwangju.go.kr/uploads/tour/info/nature/201611240747070130.jpg","90","False","False","False","","","","","","","active","0.7","https://tour.gwangju.go.kr/home/tour/info/nature.cs?act=view&infoId=209","","","","draft"
"gwangju_tour","nature.cs:199","금봉산(송정공원)","광주","광산구","자연·경관","예부터 금봉산은 송정사람들의 안식처였다. 여름의 폭염에 시달리는 밤이면 가족끼리 돗자리 하나 들고 나와 이야기 꽃 피우면 더운 몸 식히는 곳. 시험에 찌들대로 찌든 고등학생들의 발길이 머무는 곳. 송정공원은 송정공원대로 금봉산은 금봉산대로 사람들에게 다른 안식을 제공한다. 금봉산 자락에 자리잡은 송정공원 숲 속의 도서관은 조용함과 맑은 공기로 수많은 고시생들이 몰려들고 공원 곳곳에는 각각 당대에 문인으로 소리꾼으로 의병장으로 이름을 떨친 이들의 기념비들이 즐비하다.","전남광주통합특별시 광산구 소촌동","","35.148229","126.802774","062-960-8114","https://www.gwangsan.go.kr/pj/pjTour.php?action=view&amp;pageID=culture0203020000&amp;seq=34&amp;code=009","https://tour.gwangju.go.kr/uploads/tour/info/nature/201611240255014430.jpg","90","False","False","True","","","","","0.0","0.0","active","0.7","https://tour.gwangju.go.kr/home/tour/info/nature.cs?act=view&infoId=199","","","","draft"
"gwangju_tour","nature.cs:204","백마산","광주","서구","자연·경관","최근까지 군사보호구역이었던 이 산은 일반인이 들어갈 수 없었기 때문에 그렇게 때 타지 않은 산이다. 서창 향토마을 바로 옆에 그냥 지나치기 쉬운 샛길이 있다. 백마산 들어가는 입구다. 조선시대엔 이 산 위에서 김세근 장군이 의병들을 모아 적에 대항하는 훈련을 했다고 한다. 나라 사랑하는 일을, 한 사람을 사모하는 일보다 당연히 값지게 안고 살았던 오래 전 옛날 사람들의 함성이 가득했던 곳이다. [규모 및 시설물] - 총연장거리 2.2km(세도마을 - 정상 - 전평저수지) - 팔각정 1동, 의자20개","전남광주통합특별시 서구 세하동","","35.1216357","126.8315588","062-360-7225","http://seogu.gwangju.kr/culture/index.9is?contentUid=40284849518fe88a0151a84e867c15ad","https://tour.gwangju.go.kr/uploads/tour/info/nature/201611240323342690.jpg","90","False","False","False","","","","","0.0","0.0","active","0.7","https://tour.gwangju.go.kr/home/tour/info/nature.cs?act=view&infoId=204","","","","draft"
"gwangju_tour","history.cs:117","광주 구 수피아여학교 커티스메모리얼홀","광주","남구","역사·전통","1925년 건립 이 건물은 수피아여학교를 설립한 전라도 지역 선교의 개척가인 유진벨(Rev. Eugene Bell, 1868~1925, 한국어 이름: 배유지) 목사를 추모하기 위해 건립되었으며, 선교사와 그 가족들의 예배당으로 이용되었다. 전체적으로 중앙을 기점으로 대칭을 이루고 곳곳에 원형 창과 첨두아치 형상의 창문을 조화롭게 배치하였다. 규모는 작지만 장식적인 요소가 많고 건축 기법이 우수한 건축물이다.","전남광주통합특별시 남구 백서로 13","","35.137317","126.911547","062-670-3008","","https://tour.gwangju.go.kr/uploads/tour/info/history/201805010517397530.jpg","90","False","False","True","True","","","","","","active","0.7","https://tour.gwangju.go.kr/home/tour/info/history.cs?act=view&infoId=117","","","","draft"
"gwangju_tour","history.cs:99","광주 북동천주교회","광주","북구","역사·전통","광주 최초의 천주교회로서 의미가 깊은 북동천주교회는 1937년 전라남도가 광주교구로 승격되면서 주임신부로 부임한 구신부 (Rev. Thomas Quinlan)가 중국인 교우 가요셉에게 의뢰하여 지은 박공지붕의 조적식 건물이다. 평면은 좌우 대칭의 세장한 장방형으로 전면에 종탑과 후면에 장방형의 후진(Apse)을 배치한 보편적인 성당건축과 유사한 평면형태로 볼 수 있다. 그러나 1987년에 좌측의 제단과 제의실 사이를 일부 헐고 증축을 통해 회중석을 확장함으로써 현재 ‘ㄱ’자형 평면형태를 갖게 되었다. 내부공간을 보면 출입구와 회중석 사이의 공간인 전실(Narthex)에 두 개의 석조원형기둥을 두어 회중석과 경계로 이용하고 있으며, 회중석은 세 부분으로 구획된 전면에서 추측할 수 있는 것과는 달리 네이브(Nave)와 아일(Asile)의 경계가 없고 제단부와 감실은 목재로 마감하여 영역을 구분하였다. 좌측 면에는 제의실과 고해실을 두었다. 이층은 나르텍스(Narthex) 상부에 노대(Balcony)로 구성하여 성가대 석으로 사용하고 있다. 벽면과 갈색의 목재로 구획된 둥근 천장은 별다른 장식이 없이 흰색 플라스터로 마감하였다. 영식 쌓기로 마감한 벽면은 약 3m 단위로 버팀벽(buttress)을 세워 구획하였고, 모든 문과 창의 인방 및 원형 창에는 화강석으로 원형, 반원형의 아치를 둘렀으며 주 출입구는 4단의 물림아치(Recessed arch), 처마돌림에는 몰딩수법을 사용하였다.","전남광주통합특별시 북구 금재로 76","","35.1571017","126.9081352","062-526-3407","","https://tour.gwangju.go.kr/uploads/tour/info/history/201805080309539900.jpg","90","False","False","False","True","","","","","","active","0.7","https://tour.gwangju.go.kr/home/tour/info/history.cs?act=view&infoId=99","","","","draft"
"gwangju_tour","history.cs:141","김봉호 가옥","광주","광산구","역사·전통","1946년에 지은 집으로 안채, 문간채 등과 축사를 갖추고 있다. 안채는 앞면 6칸·옆면 1칸 규모의 건물로 왼쪽에서부터 방·부엌·큰방·대청마루·건넌방 순으로 되어 있다. 큰방과 대청마루, 건넌방 위에는 대청 다락방을 설치하였는데, 3칸 규모로 넓고 높이도 높아 특이하다. 문간채는 앞면 5칸·옆면 2칸 규모이며 지붕은 서양식 기와를 얹었다. 외양간·대문·방·헛간·뒷간으로 구성되어 있다.","전남광주통합특별시 광산구 하남대로54번안길 161","","35.1778507","126.8013587","062-960-8253","https://www.gwangsan.go.kr/pj/pjTour.php?action=view&amp;pageID=culture0103020000&amp;seq=80&amp;code=004","https://tour.gwangju.go.kr/uploads/tour/info/history/201805150504587420.jpg","90","False","False","False","","","","","","","active","0.7","https://tour.gwangju.go.kr/home/tour/info/history.cs?act=view&infoId=141","","","","draft"
"gwangju_tour","history.cs:96","박용철생가(용아생가)","광주","광산구","역사·전통","이 곳은 우리나라 현대 문학의 개척자 중 한 사람으로 초창기 시단을 빛낸 시인 용아 박용철(1904∼1938) 선생의 생가이다. 선생은 이곳에서 새로운 문명을 소개하고 자주독립 정신을 일깨워 주기도 하였다. 용아의 생가는 1970년대 새마을 사업으로 초가지붕을 시멘트 기와와 슬레이트 등으로 개량하였으나 1995년 문화재 복원 사업을 실시, 다시 초가지붕으로 복원하여 관리하고 있다. 본채와 사랑채, 행랑채, 사당, 서재 등이 남아 있다. 본채는 정면 5칸, 측면 2칸으로 높다란 막돌 기단 위에 세웠다. 왼쪽은 부엌이며, 중앙 2칸은 방인데, 4개로 나누어 열리는 문을 갖고 있다. 나머지 2칸은 2개로 열리는 정자 살문이다. 사랑채도 5칸인데 오른쪽부터 부엌, 방, 마루의 차례로 되어 있다. 사당은 정면 3칸 , 측면 1칸의 맞배지붕이다. 행랑채는 4칸으로 사랑채로 들어가는 대문이 있다. 이 집은 용아의 고조부가 지었다고 전해지나 19세기 후반에 지은 것으로 추정된다. 박용철 선생은 광주 공립 보통학교와 서울의 배재고등학교를 졸업했고 동경 청산학원에서 공부하면서 김영랑과 사귀게 되었다. 졸업 후 다시 외국어학교 독문과에서 수학한 후 연희전문학교를 수학하고 고향에 돌아와 문학활동에 전념하였다. 김영랑, 정지용, 정인보, 변영로 등과 문학 동인으로 활동하였으며, 1930년 「문예월간」을 창간하여 외국문학을 소개하였다. 1931년에는 김영랑, 정지용 등과 함께 순수시 전문지인 「시문학」을 발간하여 창간호에 대표작인 「떠나가는 배」「밤기차에 그대를 보내고」등을 발간하였고, 극예술연구회의 동인으로 신극운동을 전개하였으며, 해외 시의 이론을 번역하여 소개하기도 하였다. 이 무렵 문단은 프로문학에 깊은 영향을 받았으나, 그는 김영랑 등과 함께 순수시 운동을 펼쳤다. 정렬적이고 남성적인 그의 시세계는 30년대 서정시 발전에 선구적 역할을 하였다. 선생이 시를 통하여 마음을 가다듬어 곱게 바치려 한 것은 티끌없이 향 맑은 시혼의 순정 세계였다. 그러나 그는 1938년 35세의 젊","전남광주통합특별시 광산구 소촌로46번길 24","","35.1495927","126.7950093","062-960-8253","https://www.gwangsan.go.kr/pj/pjTour.php?action=view&amp;pageID=culture0103020000&amp;seq=68&amp;code=004","https://tour.gwangju.go.kr/uploads/tour/info/history/201806120414208420.jpg","90","False","False","False","","","","","","","active","0.7","https://tour.gwangju.go.kr/home/tour/info/history.cs?act=view&infoId=96","","","","draft"
"gwangju_tour","history.cs:1260","서강사","광주","남구","역사·전통","서강사는 방림동 현재 숭신공고 밑에 위치해 있으며 고려 태사공 윤신달(삼한공신)을 주벽으로 하고 개국백 문 숙공 윤관, 호조상서 문강공 윤언이, 남원백 벽송 윤위, 함안백 행촌 윤돈, 영평부원군 문현공 윤보 등 6위를 배향한다. 경내에는 강당인 경모제가 있으며 서강사묘정비가 세워져 있다. 건물은 3단의 화강석기단 위에 정평주초를 놓고 원주기둥을 세워정면 3칸 측면 1칸의 골기와 팔작지붕 정면으로 되어있다. 네귀에는 각3개씩 처마를 받치는 활주를 세웠으며 창방위의 주두에는 뺄목을 결구하고 평주와 평주사이에 1개의 변형소로를 끼워 장혀와 납도리를 가구하였다. 내부는 우물천정으로서 2고주 5량집이다. 창호는 좌우 편문으로되어 있고 중앙은 2분합겹문으로 교살창으로 장식하였다. 인방밑에는 머름을 두고 상인방 위에도 머름을 설치하여 안상의 무늬를 넣었다. 처마는 평고대를 끼워 겹처마로 되어있고 2익공식을 따르고 있다. 전면에는 단청이 비교적 잘되어 있고 대문은 평3문으로 되어 있으며 제일은 음력 3월 18일이다.","전남광주통합특별시 남구 치마봉1길 16-1(방림동)","","35.13005462","126.9219854","062-607-2332","","https://tour.gwangju.go.kr/uploads/tour/info/history/202203030535537950.jpg","90","False","False","False","","","","","","","active","0.7","https://tour.gwangju.go.kr/home/tour/info/history.cs?act=view&infoId=1260","","","","draft"
"gwangju_tour","history.cs:1257","선교기념비","광주","남구","역사·전통","5·18 민주화운동 당시 시민군 대변인으로 활동했던 윤상원 열사를 기리는 공간이다. 그는 들불야학을 열어 가난한 청년들과 노동자들에게 배움을 나누던 스승이자, 최후까지 도청에 남아 계엄군과 싸우다 서른 살의 젊은 나이로 산화한 광주의 대표적 민주열사다. 생가 내부는 자료전시관으로 사용 중인데, 윤상원 열사뿐 아니라 그와 영혼결혼식을 올렸던 박기순 열사의 고귀한 삶과 정신을 돌아볼 수 있도록 꾸며졌다. 1970년대 후반 들불야학에서 만나 인연을 쌓았던 이들은 민주항쟁과 불의의 사고로 인해 젊은 나이로 생을 마감했다. 이들의 죽음을 안타까워한 가족과 친지들이 영혼결혼식을 올리게 됐고, 이때 5·18을 상징하는 노래가 된 이 헌정됐다고 한다. 노래뿐 아니라 ""오늘 우리는 패배할 것이다. 그러나 내일의 역사는 우리를 승리자로 만들 것이다""라고 했던 윤상원 열사의 말은 지금도 민주화운동을 상징하는 인터뷰로 깊은 여운을 남긴다.","전남광주통합특별시 남구 제중로 60(양림동)","","35.21131499","126.7629558","062-607-2332","","https://tour.gwangju.go.kr/uploads/tour/info/history/202203030531459360.jpg","90","False","False","True","True","","","","","","active","0.7","https://tour.gwangju.go.kr/home/tour/info/history.cs?act=view&infoId=1257","","","","draft"
"gwangju_tour","culture.cs:1242","광주비엔날레전시관","광주","북구","문화·예술","광주비엔날레 전시관은 1994년 창설된 이래 수많은 전시회를 통해 대한민국을 비롯한 세계 미술 문화에 큰 기여를 해오고 있는 곳이다, 비엔날레를 통해 수많은 사람들에게 즐거움과 삶의 의욕을 줄 수 있도록 노력하고 있으며 한국 작가들이 세계로 진출하기 위한 통로 역할을 하고 있다. 특히, 비엔날레 전시회는 일회성 행사로 끝나지 않고 비엔날레의 터전인 광주의 지역적 가치를 높이며 지속 가능한 플랫폼이 되기 위해 다양한 시도를 하고 있다. 코로나 시대를 맞아 온라인 서비스도 진행해 현장 방문이 어려운 시민들에게 전시 서비스를 체험할 수 있도록 제공하고 있다. 광주디자인비엔날레 전시 기간에는 본 전시, 특별전, 국제 학술 행사 등 다양한 행사와 전시 관람, 체험도 가능하다.","전남광주통합특별시 북구 비엔날레로 115(용봉동)","","35.18262037","126.8902592","062-608-4114","https://www.gwangjubiennale.org/gb/index.do","https://tour.gwangju.go.kr/uploads/tour/info/culture/202202240351489950.jpg","90","True","True","True","True","True","False","","","","active","0.7","https://tour.gwangju.go.kr/home/tour/info/culture.cs?act=view&infoId=1242","","","","draft"
"gwangju_tour","culture.cs:82","광주시립미술관","광주","북구","문화·예술","1992년 개관 이래 광주와 전라남도에 연고를 둔 예술가의 작품을 전시하며 지역의 현대미술을 알리고 후원해왔다. 1995년 비엔날레관을 개관하며 광주비엔날레가 국제적 행사로 자리 잡는데에도 중요한 역할을 했다. 미술관 소장품을 선보이는 상설전 외에 특정 주제로 국내외 우수 작가들의 작품을 소개하는 기획 전시를 진행하며, 국제레지던기와 북경창작센터, 청년예술인지원센터를 통해 지역작가의 창작활동을 적극 지원한다. 전신관은 본관을 비록해 사진전시관, 어린이미술관으로 이루어져 있으며 금남로 분관, 옛 전남도지사 공관에 들어선 하정웅미술관, 서울 인사동에 위치한 G&J 갤러리까지 총6개관을 아우른다. ○시설현황 - 주요시설: 전시실, 수장고, 강당, 세미나실, 자료실, 문화센터 - 야외시설: 팔각정, 운동시설(테니스장 등 5종), 야외공연장, 잔디공원","전남광주통합특별시 북구 하서로 52 광주시립미술관","","35.1808412","126.8824016","062-613-7100","http://artmuse.gwangju.go.kr/","https://tour.gwangju.go.kr/uploads/tour/info/culture/201611220804311280.jpg","90","True","True","True","True","True","False","","0.0","0.0","active","0.7","https://tour.gwangju.go.kr/home/tour/info/culture.cs?act=view&infoId=82","","","","draft"
"gwangju_tour","sports.cs:1246","광주시청 야외음악당","광주","서구","체험·스포츠","광주시청 옆 문화광장내에 위치한 야외음악당은 2006년 5월 설립한 이동형 객석 2,000석 규모의 야외음악 공연장이다. 최신 음향장비 및 무대, 조명시설을 갖추고 있으며, 클래식, 국악 등의 음악공연을 비롯한 각종 문화공연 및 전시행사가 열린다.","전남광주통합특별시 서구 내방로 111(치평동)","","35.16001949","126.8513576","","","https://tour.gwangju.go.kr/uploads/tour/info/culture/202202240409335140.jpg","150","False","False","False","True","","","","","","active","0.7","https://tour.gwangju.go.kr/home/tour/info/sports.cs?act=view&infoId=1246","","","","draft"
"gwangju_tour","sports.cs:1272","광주실내수영장","광주","서구","체험·스포츠","염주종합체육관 시설 내에 있는 수영장으로 주 1회 정기검사와 수시 검사를 통한 수질 개선으로 이용시민에게 양질의 수질을 제공하며 시민의 건강과 삶의 질을 향상시키기 위해 노력하고 있다.","전남광주통합특별시 서구 금화로 278(풍암동)","","35.13665316","126.8791807","062-380-6800","http://www.gmcc.co.kr/new/bbs/content.php?co_id=0305010101","https://tour.gwangju.go.kr/uploads/tour/info/rest/202203100423411300.jpg","150","False","False","False","","","","","","","active","0.7","https://tour.gwangju.go.kr/home/tour/info/sports.cs?act=view&infoId=1272","","","","draft"
"gwangju_tour","sports.cs:1274","광주패밀리랜드 눈썰매장","광주","북구","체험·스포츠","호남 최대 길이의 썰매장, 광주패밀리랜드 눈썰매장 광주패밀리랜드는 호남 지방 최대의 종합 위락공원으로 991년 7월 6일 문을 열었다. 울창한 자연림과 저수지 등 자연조건이 빼어나 주변 전체가 우치공원으로 조성되어 있으며, 36만평의 대지 위에 35기종의 신나는 놀이기종, 동물원, 썰매장, 체육시설을 갖추고 있다. 또한 호남 최대길이를 자랑하는 사계절 썰매장은 봄, 여름, 가을엔 물썰매장으로 겨울엔 눈썰매장으로 더욱더 편하게 이용하시도록 에스컬레이터를 설치하고 있다. 패밀리랜드에는 다양한 놀이시설이 조성되어 있으며 코스에 따라 연인코스, 가족코스, 어린이 코스 등으로 나누어 이용할 수 있다. 우선 연인코스는 청룡열차, 카오스, 바이킹, 나는썰매, 박치기왕, 타가디스코, 나는그네 등으로 연인들이 함께 즐기면 좋을 놀이기구들이다. 가족코스는 패밀리열차, 사막의 폭풍, 타팀머신 등 가족 단위로 아이와 부모가 함께 즐기면 좋은 놀이기구이다. 이외에 어린이범퍼카, 꼬마비행기, 우주탐험대, 꼬마레이서 등 어린이 전용 놀이기구도 구비되어 있다.","전남광주통합특별시 북구 우치로 677(생용동)","","35.22357414","126.89408","062-607-8000","http://gjfamilyland.com/","https://tour.gwangju.go.kr/uploads/tour/info/rest/202203100431372480.jpg","150","False","False","True","True","","True","","10000.0","12000.0","active","0.5","https://tour.gwangju.go.kr/home/tour/info/sports.cs?act=view&infoId=1274","","","","draft"
"gwangju_tour","park/003.cs:262","사직공원","광주","남구","공원·정원","옛 공간을 기억하는 사람들이 느끼는 향수와 새 공간이 선물하는 문화적 향기가 적절히 버무려져 세월을 아우르는 시민들의 쉼터 사직공원, 사직공원은 봄이면 벚꽃이 만발하여 도심속 벚꽃놀이 장소로도 알려졌다. 공원에는 각종 수목과 꽃의 조경이 잘되어 있고, 10개가 넘는 시비가 세워져 또 다른 명물로 인기를 끌고 있다. 임제, 송순, 박봉우, 이수복, 윤선도, 김인류, 김덕령 등 우리 지역의 고금의 저명한 시인들의 시가 새겨져 있다. 공원 안에는 복원된 사직단과 광주문화콘텐츠진흥센터, 충혼탑, 연파정, 활쏘는 터인 관덕정 등이 있다. 예전의 팔각정은 사라졌지만, 이제는 광주의 중심지를 볼 수 있는 사직공원 전망대가 신축되었다.","전남광주통합특별시 남구 사직길 49","","35.1425585","126.911089","062-675-3280","https://www.namgu.gwangju.kr/menu.es?mid=a70202010500","https://tour.gwangju.go.kr/uploads/tour/info/rest/201805150339247230.jpg","90","False","False","False","","","","","","","active","0.7","https://tour.gwangju.go.kr/home/tour/info/park/003.cs?act=view&infoId=262","","","","draft"
"gwangju_tour","park/003.cs:257","금남로공원","광주","동구","공원·정원","광주광역시 금남로와 중앙로가 만나는 지점, 한국은행이 철거된 자리에 ""물과 숲과 빛이 있는"" 금남공원이 들어섰다. 유동인구가 많은 도심의 특성상 시민들의 적극적인 이용을 유도하기 위해, 휴게시설물, 매력적인 경관요소, 그리고 풍부한 녹지를 제공하고 있다. 공간은 크게 수목이 중심이 되는 녹지 공간과 지하상가와 연결된 썬큰(sunken)된 공간에 조성된 수경공간으로 나눌 수 있다. 썬큰(sunken)된 광장은 지하상가로 연결된 곳으로 사람들이 많이 모여드는 공간으로서 주로 만남의 장소로 이용되고 있다. 비교적 넓게 비워진 광장은 야외공연을 할 수 있도록 계획되어 시민문화마당으로서 활용하고자 하였으며, 계단과 벤치, 혹은 광장 바닥에 의지하여 자유로운 관람이 가능한 열린 공간이다. 레벨차를 이용한 수경공간과 LED조명으로 역동성과 환상적인 야경을 연출하고 있어 낮 보다 밤이 되면 공간의 진가를 확인할 수 있다. 수경공간은 상부와 하부로 나누어 볼 수 있다. 상부에는 안개분수가 피어 오르고, 이곳에서 시작된 물이 징검돌 사이를 지나 벽천을 타고 아래로 쏟아져 내리는 힘찬 광경은 사람들의 시선을 즐겁게 한다. LED등이 벽천을 타고 내리는 역동적인 물과 모락모락 피어나는 안개분수와 어우러져 환상적인 도시의 밤을 선사하며, 양 측면에 설치된 계단에도 설치되어 화려함을 뽐내고 있다.","전남광주통합특별시 동구 금남로3가 20-2","","35.149153","126.9160133","062-608-2222","","https://tour.gwangju.go.kr/uploads/tour/info/rest/201805150345077160.jpg","90","False","False","False","","","","","0.0","0.0","active","0.7","https://tour.gwangju.go.kr/home/tour/info/park/003.cs?act=view&infoId=257","","","","draft"
"gwangju_tour","park/003.cs:1284","너릿재공원","광주","동구","공원·정원","전남 내륙 한가운데에 위치한 화순은 조광조가 그의 이상을 펼치지 못하고 유배되어 죽음에 이른 곳이며 방랑시인 김삿갓은 중국적벽에 못지않게 아름다운 화순적벽의 절경에 반해 그곳에서 죽음을 맞기도 했다. 너릿재공원은 화순과 광주의 경계인 너릿재터널 입구 도로변 바로 옆에 있는 공원으로 휴일이면 광주, 화순 주변의 많은 사람들이 들러 휴식을 취하는 곳이다. 한편 공원에는 6.25전란으로 인해 아까운 젊음을 불사른 순국 선열들의 얼을 기리는 무명용사묘와 순국 경찰묘지가 자리하고 있어 숙연한 자세로 옷깃을 여미게 한다. * 무명용사묘 * 1951년 4월 2일 대구에서 출발하여 4월 5일 이양에 도착 주둔중 6일 새벽1시경 폭풍우속에 적의 기습을 받고 2시간여 혈전속에 공비는 격퇴하였으나 26명이 산화하였다.용사들의 유해는 동년 4월 8일 이양주민의 협조를 얻어 이 곳에 안장하고 음력 2월 1일 위령제를 지낸다. * 순국경찰묘지 * 범바우산 아래에 있다. 화순경찰서 소속경찰 19위가 있으며 1950년 10월 24일 경남 함안에서 화순으로 오는 도중묘치에서 공비들의 습격을 받고 순국 순국경찰들의 묘가 안치된 곳으로 원래 묘치전사16위와 화순각지36위가 있었으나 모두 연고지로 돌아가고 나머지 월남한 경찰 순국자의 유해만 이곳에 안치되어 있다.","전남광주통합특별시 동구 남문로 48-8(선교동)","","35.08037743","126.9535617","061-379-3501","","https://tour.gwangju.go.kr/uploads/tour/info/rest/202203100515052650.jpg","90","False","False","False","True","","True","","","","active","0.7","https://tour.gwangju.go.kr/home/tour/info/park/003.cs?act=view&infoId=1284","","","","draft"
"gwangju_tour","park/003.cs:332","조선대학교 장미원","광주","동구","공원·정원","5,299㎡ 의 면적에 조성된 장미원에서는 227종·1만8000여 송이의 다양한 색채와 모양의 장미를 만날 수 있다. 장미가 가장 예쁘게 피어나는 5월에는 장미축제가 개최되며, 연중무휴 무료로 개방된다. 장미원은 조선대학교 학생과 교직원은 물론 광주ㆍ전남ㆍ지역 주민들에게 휴식과 재충전을 제공하는 쉼터와 대학과 지역사회를 소통하는 열린 공간으로 사랑을 받고 있다.","전남광주통합특별시 동구 필문대로 309 조선대학교","","35.141261","126.929458","062-230-7114","","https://tour.gwangju.go.kr/uploads/tour/info/rest/201611240848325540.jpg","90","False","False","False","","","","","","","active","0.7","https://tour.gwangju.go.kr/home/tour/info/park/003.cs?act=view&infoId=332","","","","draft"
"gwangju_tour","park/003.cs:6","청풍쉼터","광주","북구","공원·정원","잔디밭, 체육시설, 놀이터 등을 갖추고 있어 유아들의 소풍장소로 애용되며 여름철에는 한 보따리씩 싸들고 저녁을 먹는 가족들의 행렬이 줄을 잇는 곳이다. 이곳에는 평생을 방랑하며, 가는 곳 마다 풍자적인 시를 남긴 불우시인 김삿갓의 시비가 있다.","전남광주통합특별시 북구 청풍동 209-5","","35.162113","126.962215","062-261-1187","","https://tour.gwangju.go.kr/uploads/tour/info/rest/201611240857416340.jpg","90","False","False","True","True","","False","","","","active","0.7","https://tour.gwangju.go.kr/home/tour/info/park/003.cs?act=view&infoId=6","","","","draft"
"gwangju_tour","park/003.cs:276","평화공원","광주","서구","공원·정원","1994년부터 상무지구 택지개발사업 추진 당시 화강석과 콘크리트 광장으로 조성된 시청 앞 미관광장은 지난 2007년 산림청 주관 녹색자금 공모사업으로 선정돼 국 · 시비 등 총 89 억 원을 투입, 숲과 물과 빛이 어우러지는 광장으로 확대 조성하고, 명칭을 평화공원으로 명명했다. 시민들에게 개방된 평화공원은 광주의 상징인 무등산 입석대를 형상화한 자연석 벽천과 나무숲이 어우러진 녹색 휴식공간이다. 주간에는 유치원생의 자연학습장으로 야간에는 상무지구를 찾는 시민과 외지인의 휴식공간으로 인기를 얻고 있다.","전남광주통합특별시 서구 내방로 102","","35.156533","126.851638","062-360-7225","","https://tour.gwangju.go.kr/uploads/tour/info/rest/202405230508097160.jpeg","90","False","False","False","","","True","","","","active","0.7","https://tour.gwangju.go.kr/home/tour/info/park/003.cs?act=view&infoId=276","","","","draft"
"gwangju_tour","nature.cs:205","백석산","광주","서구","자연·경관","주민들의 여가선용을 위하여 산책로가 개설되었으며 운천저수지와 산책로가 연계될 뿐 아니라 금호지구를 한눈에 볼 수 있도록 코스가 개설되어 있고, 경사도가 완만하여 어린이나 노약자들이 활용하기 좋은 장소이다. [규모 및 시설물] - 총 연장거리 : 4.5 km(운천저수지 - 남광병원뒤(향림사) - 상무초등학교 뒤 - 금호성당) - 팔각정 1동, 잔디 광장 500㎡, 안내판 9개총 연장거리 : 4.5 km(운천저수지 - 남광병원뒤(향림사) - 상무초등학교 뒤 - 금호성당)","전남광주통합특별시 서구 마륵동","","35.1412237","126.8393643","062-360-7225","http://seogu.gwangju.kr/culture/index.9is?contentUid=40284849518fe88a0151a84f1e8915b5","https://tour.gwangju.go.kr/uploads/tour/info/nature/201611240324250520.jpg","90","False","False","True","","","","","0.0","0.0","active","0.7","https://tour.gwangju.go.kr/home/tour/info/nature.cs?act=view&infoId=205","","","","draft"
"gwangju_tour","nature.cs:208","석문산","광주","광산구","자연·경관","석문산은 광주의 끝자락인 삼도동에 위치해 있다. 폐교가 된 삼도남초등학교 정문 옆길로 들어서면 산책로가 잘 안내돼 있다. 옛 학교엔 지금 호남문화재연구원이 들어서 있다. 학교 앞에 `석문산보호회’가 세워 놓은 기념비가 웅장해 이정표로 삼을 만하다. 저수지(석문제)와 어우러진 산자락은 주말농장으로, 도시민들의 텃밭이 돼 있었다. 저수지를 가운데 두고 둘러선 능선은 이어져 있는 듯하지만, 각각의 바위 덩어리일 뿐이다. 능선과 능선 사이 골이 깊다. 한 봉우리를 올라서면 다시 골로 내려와 다른 봉우리로 오르는 식이다. 산과 산 사이, 아니 정확히는 암벽과 암벽 사이 고갯길이 있다. 이 양편의 암석이 바로 남문바위와 북문바위다.","전남광주통합특별시 광산구 삼도동","","35.1339","126.692751","062-960-8114","https://www.gwangsan.go.kr/pj/pjTour.php?action=view&amp;pageID=culture0203020000&amp;seq=155&amp;code=009","https://tour.gwangju.go.kr/uploads/tour/info/nature/201611240341172650.jpg","90","False","False","False","","","","","0.0","0.0","active","0.5","https://tour.gwangju.go.kr/home/tour/info/nature.cs?act=view&infoId=208","","","","draft"
"gwangju_tour","nature.cs:210","용진산","광주","광산구","자연·경관","용진산은 본량과 임곡을 나누는 경계에 있는 산으로 이름 그대로 들녘에서는 드물게 보는 겹겹으로 포개져 있는 높은 산이다. 그 안에는 동굴과 폭포가 있고 조선의 개국공신 삼봉 정도전 선생이 전국을 두루 돌면서 이산의 빼어난 경치에 빠져서 산사에서 며칠을 머물고 갔다고 하니 그 그윽하고 아름다운 풍광을 가히 짐작할 수가 있다. 그리고 이산은 왜정 때에 전국에서도 이름 있는 금광이 있었던 곳으로 그로 말미암아 신임곡 일대는 작은 도시형태를 이루어 번창한 한 때가 있었다.","전남광주통합특별시 광산구 선동","","35.2005404","126.7458756","062-960-8114","https://www.gwangsan.go.kr/pj/pjTour.php?action=view&amp;pageID=culture0203020000&amp;seq=153&amp;code=009","https://tour.gwangju.go.kr/uploads/tour/info/nature/201611240806267810.jpg","90","False","False","False","","","","","0.0","0.0","active","0.5","https://tour.gwangju.go.kr/home/tour/info/nature.cs?act=view&infoId=210","","","","draft"
"gwangju_tour","nature.cs:27","용추계곡","광주","동구","자연·경관","제2수원지 정문 왼쪽에서 수원지 철조망 펜스를 따라 좁은 길로 들어서면 주변의 새소리와 벌레들의 합창 소리를 들으면서 계곡의 산책이 시작된다. 약 4㎞에 이르는 용추계곡은 기암절벽과 울창한 숲으로 둘러싸여 있어 천연림의 운치를 느낄 수 있다. 무등산의 북쪽과 서쪽으로 물이 흐르는 원효계곡이나 증심사계곡과는 달리 보호구역으로 지정되어 있고 사람들의 발길이 그다지 많지 않아 천연림의 아름다운 비경을 간직하고 있는 곳이다. 계곡을 따라 오르면 옹기종기 다양한 모습을 한 바위, 작은 폭포와 여울이 계속 반복되어 다양한 풍경을 보고 듣는 즐거움을 만끽할 수 있다. 무등산의 대표적인 휴양지로 각광을 받았고 지금도 많은 등산객들이 이 계곡과 폭포를 찾고 있다.","전남광주통합특별시 동구 용연동 용추계곡","","35.10742","126.971487","062-227-1187","http://mudeung.knps.or.kr","https://tour.gwangju.go.kr/uploads/tour/info/nature/201611021135337060.jpg","90","False","False","False","False","","False","","0.0","0.0","active","0.5","https://tour.gwangju.go.kr/home/tour/info/nature.cs?act=view&infoId=27","","","","draft"
"gwangju_tour","nature.cs:28","원효계곡","광주","북구","자연·경관","원효계곡은 무등산 정상 일대의 물이 바위틈으로 흐르다 원효계곡 시원지 인근에서 솟아올라 형성한 계곡이다. 비가 많이 오거나 할 경우는 물줄기가 시원지 위쪽에서부터 흘러내리지만, 평소에는 현재의 시원지 지점에서 작은 샘을 이루어 흘러내린다. 물이 깨끗하고 버스와 차량으로 방문하기 쉬워 해마다 여름이면 피서객으로 붐빈다.","전남광주통합특별시 북구 금곡동 원효계곡","","35.154327","126.990687","062-227-1187","","https://tour.gwangju.go.kr/uploads/tour/info/nature/201611021135089060.jpg","90","False","False","False","False","","False","","0.0","0.0","active","0.7","https://tour.gwangju.go.kr/home/tour/info/nature.cs?act=view&infoId=28","","","","draft"
"gwangju_tour","history.cs:1449","소심당 조아라기념관","광주","남구","역사·전통","조아라 선생의 기독교운동ㆍ여성운동과 민주화운동 및 여성복지향상을 통한 사랑ㆍ정의ㆍ평화ㆍ봉사 정신을 계승 선양하기 위한 기념관입니다. 여성운동가 조아라 시대적으로 수난과 고난으로 점철된 험난한 시대를 살아 오신 조아라 선생은 1922년에 창설된 광주YWCA에서 총무, 회장, 명예회장으로서 평생을 헌신 봉사하였다. 가정법률상담소, Y신용협동조합, 농촌사업, 소비자운동 등을 통해 Y프로그램을 활성화시켰고, 1960년대 대의동 Y회관을 건립하였으며, 1980년 5ㆍ18민주화 항쟁당시 총탄으로 파손된 대의동 회관을 떠나 1985년 유동 현 Y회관을 건립하였다. 또한 광주어머니회, 걸스카웃, 광주여성단체협의회 등을 육성 발전시켜 여성들의 계몽과 권익을 위해 선도적 역할을 하였다. 사회운동가 조아라 우리 사회의 가난과 부조리와 고충의 소리를 들을 줄 아는 귀를 가졌으며, 어려움에 처해 있는 사람을 볼 줄 아는 눈을 가졌고, 항상 가난한 자, 억압받는 자, 소외당한 자의 대변자로서 그들과 아픔을 함께 하였다. 호남여숙(야간중학), 성빈여사(육아사업), 계명여사(윤락여성선도 사업-직업보도사업), 별빛학원(야학반)등을 통해 불우한 이웃의 참된 친구가 되고, 시대적 사명을 감당해 온 사회 복지사업의 선구자이다. 신앙인 조아라 선생은 이 고장 초대 교인이었던 조형률 장로의 자녀로서 수피아 여학교를 거쳐 이일학교의 교사를 역임하던 중 백청단 은지환 사건에 연루되어 옥고를 치루면서도 굳건한 신앙으로 민족의 독립을 위해 투신하였다. 또한 이 지역 최초의 여성 장로로서 NCC운동과 교회일치운동에 크게 기여하였다. 기독교여성의 한사람으로서 ""어떻게 하면 조금이라도 예수님을 닮을까?"" 하는 신앙인의 자세로 한평생을 살아 왔다. 그의 실천적인 기독교 신앙의 힘은 이 땅의 교회들이 가진자의 교회가 되어서는 안되며, 억압받는 자의 편에서 거룩한 예수님의 사랑이 이 땅에 임하도록 해야 한다는 것을 역설하였다. 민주화운동가 조아라 암울한 조국의 일제식민통치하에서 독립과 주권회복을 위해, 독재권력 하에","전남광주통합특별시 남구 제중로46번길 3-6 (양림동)","","35.13906609","126.9142647","062-673-8681/062-682-8682~3","http://www.ssdjoara.or.kr/wp_main/index.html","https://tour.gwangju.go.kr/uploads/tour/info/history/202605210348381680.jpg","90","False","False","False","","","","","","","active","0.7","https://tour.gwangju.go.kr/home/tour/info/history.cs?act=view&infoId=1449","","","","draft"
"gwangju_tour","history.cs:137","약사암","광주","동구","역사·전통","약사암은 증심사의 부속 암자로 새인봉 아래쪽에 자리잡고 있다. 신라시대에 도윤(道允)이 847년(문성왕 9) 당나라에서 귀국한 뒤 창건하였다고 전하는데 당시에는 인왕사(人王寺)라고 했다가, 고려 예종(1105~1122) 때 국사 혜조(慧照)가 중창하면서 절 이름을 약사암으로 바꾸었다. 조선시대인 1856년(철종 7) 3월에 성암(性庵)이 약사전을 중수하였고, 1905년 9월에 선주(善周)가 관청의 도움과 시주로 중건했다. 이후 1970년대부터 주지 석담(石潭)이 법당과 요사채 등을 중건·중수하여 오늘에 이르고 있다. * 약사사의 볼거리와 문화재 * 약사암에 보존되어 있는 유물로 석조여래좌상(보물)과 3층석탑이 있다. 이 두 가지의 유물이 9세기 전반의 작품으로 추정되어 이 절의 역사를 뒷받침해 주고 있다. 현재 약사암에는 대웅전, 운림당, 운림서원, 강원, 일주문 등이 있으나, 모두 1970년 대 후반부터 1980년대 중반의 건물이다. 대웅전에는 독성탱화·칠성탱화·산신탱화·신중탱화 등의 불화가 있는데 독성탱화는 1912년에 그린 것이며 칠성탱화와 산신탱화도 이와 비슷한 시기의 작품으로 추정된다. 신중탱화는 근래의 것이다. [문화재정보] - 지정종목 : 광주광역시 문화재자료 - 지정연도 : 1984년 2월 17일 - 시대 : 신라 - 종류 : 사찰","전남광주통합특별시 동구 증심사길160번길 89","","35.1222866","126.9722413","062-222-9844","","https://tour.gwangju.go.kr/uploads/tour/info/history/201805080311513480.jpg","90","False","False","False","True","","","","","","active","0.5","https://tour.gwangju.go.kr/home/tour/info/history.cs?act=view&infoId=137","","","","draft"
"gwangju_tour","history.cs:1254","양림동 선교사 묘지","광주","남구","역사·전통","광주지역 선교사를 기리는 묘역인 양림동 선교사 묘지는 광주에 최초로 기독교를 전파하고 개화의 새 물결과 일제 치하에서 구국 운동의 계기를 마련했던 23인의 선교사가 묻혀 있는 곳이다. 광주광역시 양림동은 전라남도 최초의 선교사로 광주에서 활동하던 배유지 목사와 클레멘트 오웬의 주된 선교지였다. 배유지 목사는 선교활동의 일환으로 수피아여학교를 설립하였고, 글레멘크 오웬은 간호사인 부인과 함께 선교 및 의료봉사 활동에 헌신하였다. 현재 광주광역시에는 배유지 목사를 기념하기 위한 선교기념비와 클레멘트 오웬과 그의 할아버지를 기념하기위해 건립한 오웬 기념각 등의 문화재가 있다. * 선교기념비와 오웬기념각 * 양림동 선교기념비는 미국 남장로교 선교사 배유지 목사가 광주에서는 처음 예배드린 곳을 기념하기 설립한 비이다. 1982년 12월 6일 대한예수교 장로회 전남노회가 세운 것으로 자연석 화강암제에 음각으로 되어 있다. 오웬기념각은 광주기독병원 간호전문대학 안에 있으며 현재 강당으로 사용되고 있다. 배유지(E.Bell) 목사와 함께 전라남도 최초의 선교사로 광주에서 활동하던 선교사 클레멘트 C. 오웬(Clement C.Owen:1867∼1909. 한국명 오원 또는 오기원)과 그의 할아버지 윌리엄(William)을 기념하기 위하여 1914년에 건립한 건물이다.","전남광주통합특별시 남구 제중로 77(양림동)","","35.1404505","126.9114889","062-607-2332","","https://tour.gwangju.go.kr/uploads/tour/info/history/202203030522006530.jpg","90","False","False","False","","","","","","","active","0.7","https://tour.gwangju.go.kr/home/tour/info/history.cs?act=view&infoId=1254","","","","draft"
"gwangju_tour","history.cs:180","오웬기념각","광주","남구","역사·전통","기독간호대학교 내에 있는 오웬기념각은 배유지 목사와 함께 전남 최초의 선교사로 들어와 광주에서 순교한 오웬선교사를 기념하기 위하여 미국 친지들이 보낸 기금 4,200 달러로 1914년에 세워진 연면적 434평방미터(부속건물 포함)인 양옥건물이다. 이 건물은 평면 형태로 보아 예배당 및 집회실로 사용되었으리라 짐작되나, 지금은 기독간호대학교의 강당으로 사용되고 있다.오웬은 1900년대에 광주에 들어온 양림동의 서양촌 외국인 중 1명으로서 간호사인 부인과 함께 선교 및 의료봉사 활동에 헌신하다가 과로로 1909년에 죽었다. 오웬은 생전에 그의 할아버지 기념병원을 지으려다 선교 활동이 급하다고 판단하여 먼저 할아버지 기념각을 지을 계획을 수립 하였으나, 그 계획이 추진되기 전에 사망하였다. 기념관 현판에 할아버지의 이름이 새겨진 것도 이 때문이다. * 건물 구조 및 건축양식 * 회색 벽돌의 2층 건물로서 평면 형태는 정방형이나 대각선상의 모서리에 위치한 설교단을 중심으로 좌우대칭 형태이다. 주 출입구는 북쪽과 서쪽에 똑같은 모양으로 있으며 동쪽과 남쪽에는 모서리에 조그마한 문으로 된 부출입구가 있다. 1층 바닥은 모서리의 설교단을 향하여 약 0.9/10의 경사가 져 있으며, 2층의 노대(balcony) 역시 설교단을 향해 1.2/10 경사져 있다. 벽은 길이 225mm, 나비 110mm, 두께 55mm의 회색벽돌을 사용하여 네델란드식 쌓기를 하였다.벽의 두께는 49cm로 공간쌓기를 하였으며 지면과 면하는 고막이 부분은 장대석의 화강석으로 축조하였다.1층과 2층 사이에는 벽돌의 허리 돌림띠를 두었으며 2B 두께의 붙임기둥을 설치하였다. 개구부에는 창, 문 모두 동일한 형태의 결원아치를 사용하였으며 하인방의 창대돌은 화강석으로 되어 있다. 또 정면의 작은 광창에는 창대 돌을 마구리 내쌓기한 벽돌이 지지하고 있다. 양쪽의 현관부분은 아치벽돌을 사용한 반원 아치로 key stone은 화강석으로 되어 있으며 porch의 천장은 나무널로 마무리되어 있다. 그리고 석조로 된 아","전남광주통합특별시 남구 백서로70번길 6","","35.1384037","126.9159846","062-607-2331","","https://tour.gwangju.go.kr/uploads/tour/info/history/201805010526096180.jpg","90","False","False","False","","True","","","","","active","0.7","https://tour.gwangju.go.kr/home/tour/info/history.cs?act=view&infoId=180","","","","draft"
"gwangju_tour","history.cs:95","오지호생가","광주","동구","역사·전통","이 곳은 서양화의 대가 오지호가 조선대학교 미술대학 교수로 근무 중이던 1954년부터 1982년 타계할 때까지 살던 집이다. 원래는 100여 년 전의 건축물이었으나 퇴락하자 1986년에 전면적인 보수작업을 했다. 오지호(1905∼1982)는 인상주의의 회화 양식을 받아들여 토착화시킨 화가이다. 화순 동복 출신이며 휘문고보(徽文高普)에서 우리나라 최초의 도일유학(渡日遊學) 유화가인 고의동(高義東)과 함께 있었으며 동경 미술학교에 유학했다. 1948년 광주에 내려와 정착하였고,「광주미술연구회」를 조직하는 한편 조선대학교 미술과 교수를 역임했다. 또「전남도전」의 창립과 더불어 지방 미술의 발전을 주도하며 서구상회화 우위의 개념과 이론으로 광주권 화단의 유화 화풍을 고착시켰고 만년에는 교과서에서 한자를 병용하여 과학적 두뇌를 개발할 것을 강조하는 한자 교육 부활 운동에 앞장서기도 했다. 국전 초대 작가, 심사 위원, 운영 위원을 역임하였고, 예술원 회원을 역임하였다. 1977년 에는 대한민국예술원상을 수상하였으며, 1973년, 국민훈장 모란장(牧丹章)을 받았다. 오지호 가옥의 대문을 들어서면 화실로 사용되었던 채광창이 있는 문간채가 있다. 안채는 초가집인데 정면 4칸, 측면 1칸의 전후퇴집으로 우진각 지붕이다. 평면은 1칸 반의 부엌과 1칸씩의 방3개로 되어 있고, 배면에는 툇마루와 골방이 있다. 부엌에는 살창과 찬장을 복원했으며 판장으로 된 문은 옛날 것을 그대로 달았다. 부연은 대나무로 엮었고, 연목(椽木)은 가늘고 끝을 훑었다. 기단은 막돌허튼층 쌓기의 외벌대 기단 위에 덤벙주초를 놓고 전면과 측면에는 네모기 둥, 뒷면에는 두리기둥을 세웠다. 현재의 기둥은 모서리 기둥만을 남기고 원래의 크기 대로 복원되어 있으며, 문은 외짝의 띠살문이다. 앞마루도 우물 마루를 살리기 위해 부분적으로 보수하였다. 방형기둥 위에는 우미량과 납도리를 결구하였고, 가구는 고주( 高柱)위에 대량을 걸친 뒤 동자주, 종량, 종도리를 차례로 올려놓은 일반적인 구조방식을 적용하고 있다. 화실","전남광주통합특별시 동구 밤실로4번길 17-6","","35.148906","126.938772","062-608-2114","http://www.heritage.go.kr/heri/cul/culSelectDetail.do?VdkVgwKey=23,00060000,24&amp;pageNo=1_1_1_0","https://tour.gwangju.go.kr/uploads/tour/info/history/201805150507413880.jpg","90","False","False","False","","","","","","","active","0.7","https://tour.gwangju.go.kr/home/tour/info/history.cs?act=view&infoId=95","","","","draft"
"gwangju_tour","history.cs:97","우일선 선교사사택","광주","남구","역사·전통","우일선 선교사 사택은 양림산 기슭에 동향으로 세워진 2층 벽돌 건물로 광주에 현존하는 양식 주택으로는 가장 오래된 건물이다. 미국인 선교사 우일선(Wilson)에 의해 1920년대에 지어졌다고 전해올 뿐 정확한 건립 연대는 알 수 없다. 현재 내부를 개조하여 대한예수교 장로회 사무실로 사용하고 있으며, 한국 근대 건축의 흐름을 이해하는 데 도움이 되는 귀중한 자료이다. 평면 정사각형으로 1층은 거실, 가족실, 부엌, 욕실 등이 있고, 2층은 사생활공간으로 침실을 두었다. 지하층은 창고와 보일러실이다. 동향인 점은 한국의 전통적인 방위관을 받아들인 것이라 해석된다. 크기는 정면 10.6m이다. 구조는 벽이 두께 55mm의 회색벽돌로 네델란드식으로 쌓아져 있고 내부는 회반죽으로 마감했으며, 고막이부분은 화강석을 쌓아 처리했다. 개구부는 모두 반원형의 아치로 만들었다. 창문 외부는 열개창, 내부는 오르내리창의 이중창으로 되어 있다. 1층과 2층을 구별하기 위하여 벽돌로 돌림띠를 두어 외벽에 변화를 주었다. 우일선 의사는 제중원 원장을 역임하였다. 1905년 유진벨 선교사의 임시사택에 설립된 제중원은 현재의 광주기독병원으로 100년 넘은 역사를 보유하고 있다. 우일선 선교사는 당시 천벌로 여겨지던 한센병 환자들을 친가족처럼 보살피며 자활의 기반을 마련하여 주었다. 환자들이 전국에서 몰려오자 여수 율촌면에 애양원을 개척하여 평생을 의료사역에 바쳤다. 우일선 선교사 사택 앞에는 100년 정도 된 흑호도나무와 은단풍나무, 그리고 이 지역에서 자생하던 호랑가시나무가 잘 어우러져 있다. 가끔씩 정원에서 음악회가 열리곤 하는데 야경과 함께 낭만적인 분위기를 연출한다. 우일선 선교사 사택 앞에 100m 정도의 돌담길이 있는데 월례행사로 '열정의 백미'라는 벼룩시장이 열려 색다른 재미를 선사하고 있다.","전남광주통합특별시 남구 제중로47번길 20","","35.1383586","126.9118538","062-607-2331","","https://tour.gwangju.go.kr/uploads/tour/info/history/201805080306150670.jpg","90","False","False","True","","","","","","","active","0.7","https://tour.gwangju.go.kr/home/tour/info/history.cs?act=view&infoId=97","","","","draft"
"gwangju_tour","culture.cs:85","광주전통문화관","광주","동구","문화·예술","전통문화관은 남도의 자랑스러운 전통문화를 보존, 전수하는 법고창신法古創新의 공간이자 함께 만들고 배우는 창작공방(創作工房) 이다. 무등산 국립공원 초입에 위치한 전통문화관은 2012년 전통한옥 무송원撫松院을 이설, 복원해 조성하고, 무형문화재 작품전시관과 전수실 및 서석당, 입석당, 너덜마당 등의 문화공간이 있다. 시민 누구나 즐길 수 있는 주말상설공연(토요상설공연, 무등풍류뎐), 무형문화재 대시민 교육인 전통문화예술강좌, 내외국인 관광객 및 청소년을 위한 전통문화예술체험, 공예 및 전통음식 체험 등의 친환경적 프로그램, 그리고 무등산 문화자원을 기반으로 한 특별기획프로그램과 무등산권 활성화를 위한 10월의 무등울림 축제를 진행하고 있다. 아름답고 넉넉한 무등의 품속에서 우리의 옛것을 보고 배우며 즐길 수 있는 전통문화관이다. 무등산권 유네스코 세계지질공원과도 연계 관광이 가능하다.","전남광주통합특별시 동구 의재로 222","","35.1335563","126.9520858","062-670-8550","http://www.gtcc.or.kr/","https://tour.gwangju.go.kr/uploads/tour/info/experience/201611090325383630.jpg","90","True","True","True","True","True","","","0.0","0.0","active","0.7","https://tour.gwangju.go.kr/home/tour/info/culture.cs?act=view&infoId=85","","","","draft"
"gwangju_tour","culture.cs:1454","나눔하우스 2호점 ‘마을미술관’","광주","광산구","문화·예술","카자흐스탄 출신 고려인 3세 문 빅토르 화백의 작품을 만나볼 수 있는 공간으로, 대표작인 「1937 고려인 강제이주열차」, 「인물화 : 홍범도 장군」을 포함하여 고려인의 역사와 존엄을 담은 작품들이 상설 전시 중이다. 1937년 고려인 강제이주와 디아스포라의 역사를 주제로 한 사실주의 회화, 인물 중심의 서사적 구성과 강한 윤곽선, 절제된 색채 사용이 특징이다.","전남광주통합특별시 광산구 산정로 58-9, 1층","","35.171845","126.80498","062-961-1925","","https://tour.gwangju.go.kr/uploads/tour/info/culture/202606180538124300.jpg","90","True","True","False","","","","","","","active","0.7","https://tour.gwangju.go.kr/home/tour/info/culture.cs?act=view&infoId=1454","","","","draft"
"gwangju_tour","culture.cs:1452","다모아어린이공원 ‘홍범도 장군 흉상’","광주","광산구","문화·예술","고려인들의 정신적 지주인 홍범도 장군의 희생정신과 뜻을 기리기 위한 추모 공간을 마련하기 위해 다모아어린이공원 내 건립된 흉상이다. 2022년 8월 15일, 홍범도 장군 유해 봉환 1주년을 맞이하여 추진한 흉상 제막식을 기점으로 국내외 방문객과 참배객들의 발길이 꾸준히 이어지고 있으며, 2023년 5월 국가보훈처 현충시설로 지정되었다.","전남광주통합특별시 광산구 산정공원로28번길 13-12","","35.170855","126.807151","062-960-4137","","https://tour.gwangju.go.kr/uploads/tour/info/culture/202606180536238430.jpg","90","True","True","True","","","","","","","active","0.7","https://tour.gwangju.go.kr/home/tour/info/culture.cs?act=view&infoId=1452","","","","draft"
"gwangju_tour","culture.cs:1085","드영미술관","광주","동구","문화·예술","무등산 국립공원 초입에 자리한 드영 미술관(De Young Museum)은 대중과 함께하는 미술관이라는 슬로건 아래 시민과 예술가들이 함께 소통하며 예술을 향유 할 수 있는 창조공간으로 발돋움해 나가고자 설립되었습니다. 드영미술관(De Young Art Museum)은 “영원한 젊음”을 모토로 2018년 5월 1일(광주광역시 1종) 등록 미술관으로 개관하였습니다. 복합미술공간인 드영미술관에서는 전시공간과 교육실을 활용한 기획전시, 특별전시, 상설전시, 성인강좌, 어린이 뮤지엄교육, 심포지엄, 워크샵 등의 전시 및 교육행사들을 다채롭고 지속적으로 추진하고 있습니다. 미술관 내부는 전시, 교육, 학술연구, 작품 보존 기능을 부각할 수 있는 독립적인 공간으로, 카페테리아는 크고 작은 창을 통해 무등산의 조망이 한눈에 보이는 아름다운 휴식공간으로 조성되어 있습니다. 드영미술관을 찾는 많은 분들에게 자연환경 안에서의 소소한 휴식을 선물하는 공간으로 자리 매김하고자 합니다.","전남광주통합특별시 동구 성촌길 6","","35.134337","126.953404","062-223-6515","http://www.deyoungmuseum.co.kr/","https://tour.gwangju.go.kr/uploads/tour/info/culture/201811200336015230.jpg","90","True","True","True","True","True","False","","0.0","0.0","active","0.7","https://tour.gwangju.go.kr/home/tour/info/culture.cs?act=view&infoId=1085","","","","draft"
"gwangju_tour","culture.cs:649","만취정","광주","광산구","문화·예술","이 정자는 한말의 우국지사인 심원표(1853~1939)가 1913년에 지어 후학을 가르쳤던 곳이다. 정자는 정면 3칸, 측면 1칸에 전후퇴가 있고, 가운데에 온돌방을 배치한 평면에 지붕은 팔작지붕이다. 심원표는 이곳 동호동에서 태어났으며, 만취는 그의 호이다. 젊어서는 기정진, 중년에는 송병준에게 공부하였으며, 기우만, 오준선 등과 교류하였다. 그는 나라가 기울어져 가는 상황에서도 마음을 굳게 지키며, 의병들을 돕다가 일제에 곤욕을 치르기도 하였다. 만취가 ‘추운 겨울에도 푸른빛을 잃지 않는 소나무의 높은 절개를 이르는 말’이라고 기우만은 설명하고 있다. 여기에서 만취를 호로 삼은 심원표의 기개를 엿볼 수 있다.","전남광주통합특별시 광산구 본량본촌길 29","","35.1798716","126.683978","062-960-8253","https://www.gwangsan.go.kr/pj/pjTour.php?action=view&amp;pageID=culture0103020000&amp;seq=81&amp;code=004","https://tour.gwangju.go.kr/uploads/tour/info/history/201805150525355640.jpg","90","True","True","False","","","","","","","active","0.7","https://tour.gwangju.go.kr/home/tour/info/culture.cs?act=view&infoId=649","","","","draft"
