source,source_place_id,hashtags,nature,culture,art,food,activity,sports,healing,festival,semantic_text,taxonomy_version,labeling_method,labeling_confidence,labeling_evidence,reviewed_at
tourapi,2783851,#공원|#주차가능,0.75,0,0,0,0,0,1,0,경암근린공원 #공원 #주차가능,1.0.0,import,0.38,"[{""source"": ""tourapi"", ""source_url"": ""https://www.data.go.kr/data/15101578/openapi.do"", ""note"": ""규칙 기반 라벨 초안. 사람 교차검수 필요""}]",
tourapi,127069,,0,0,0,0,1,0.25,0,0,관덕정 국궁 체험,1.0.0,import,0.35,"[{""source"": ""tourapi"", ""source_url"": ""https://www.data.go.kr/data/15101578/openapi.do"", ""note"": ""규칙 기반 라벨 초안. 사람 교차검수 필요""}]",
tourapi,128158,,0,1,0,0,0,0,0,0,광주 경찰충혼탑,1.0.0,import,0.35,"[{""source"": ""tourapi"", ""source_url"": ""https://www.data.go.kr/data/15101578/openapi.do"", ""note"": ""규칙 기반 라벨 초안. 사람 교차검수 필요""}]",
tourapi,2605353,#전통음식|#느린여행,0,0,0,1,0,0,0.25,0,광주 송정동 떡갈비 골목 #전통음식 #느린여행,1.0.0,import,0.4,"[{""source"": ""tourapi"", ""source_url"": ""https://www.data.go.kr/data/15101578/openapi.do"", ""note"": ""규칙 기반 라벨 초안. 사람 교차검수 필요""}]",
tourapi,2822573,#바다|#공원|#주차가능,0.75,0,0,0,0,0,1,0,광주 수완호수공원 #바다 #공원 #주차가능,1.0.0,import,0.4,"[{""source"": ""tourapi"", ""source_url"": ""https://www.data.go.kr/data/15101578/openapi.do"", ""note"": ""규칙 기반 라벨 초안. 사람 교차검수 필요""}]",
tourapi,127325,#주차가능,1,0,0,0,0,0,0.75,0,광주 충효동 왕버들 군 #주차가능,1.0.0,import,0.35,"[{""source"": ""tourapi"", ""source_url"": ""https://www.data.go.kr/data/15101578/openapi.do"", ""note"": ""규칙 기반 라벨 초안. 사람 교차검수 필요""}]",
tourapi,2489843,#느린여행|#주차가능,1,0,0,0,0.25,0,0.75,0,광주 평촌마을 #느린여행 #주차가능,1.0.0,import,0.38,"[{""source"": ""tourapi"", ""source_url"": ""https://www.data.go.kr/data/15101578/openapi.do"", ""note"": ""규칙 기반 라벨 초안. 사람 교차검수 필요""}]",
tourapi,126329,#주차가능,1,0,0,0,0,0,1,0,광주호 #주차가능,1.0.0,import,0.35,"[{""source"": ""tourapi"", ""source_url"": ""https://www.data.go.kr/data/15101578/openapi.do"", ""note"": ""규칙 기반 라벨 초안. 사람 교차검수 필요""}]",
tourapi,126425,#민주인권|#주차가능,0,1,0,0,0,0,0,0,국립 5·18 민주묘지 #민주인권 #주차가능,1.0.0,import,0.38,"[{""source"": ""tourapi"", ""source_url"": ""https://www.data.go.kr/data/15101578/openapi.do"", ""note"": ""규칙 기반 라벨 초안. 사람 교차검수 필요""}]",
tourapi,1621334,,0,0,0,0,0,0,0,0,금남로,1.0.0,import,0.35,"[{""source"": ""tourapi"", ""source_url"": ""https://www.data.go.kr/data/15101578/openapi.do"", ""note"": ""규칙 기반 라벨 초안. 사람 교차검수 필요""}]",
tourapi,127356,#공원|#주차가능,0,0,0,0,0,0,0.75,0,너릿재공원 #공원 #주차가능,1.0.0,import,0.38,"[{""source"": ""tourapi"", ""source_url"": ""https://www.data.go.kr/data/15101578/openapi.do"", ""note"": ""규칙 기반 라벨 초안. 사람 교차검수 필요""}]",
tourapi,2470068,#체험|#아이동반|#주차가능,0,0,0,0,0.75,0,0,0,녹색에너지체험관 (광주전남지역본부) #체험 #아이동반 #주차가능,1.0.0,import,0.38,"[{""source"": ""tourapi"", ""source_url"": ""https://www.data.go.kr/data/15101578/openapi.do"", ""note"": ""규칙 기반 라벨 초안. 사람 교차검수 필요""}]",
tourapi,2614773,#산|#등산|#공원,0.75,0,0,0,0,0.75,0.75,0,덕산너덜 (무등산권 국가지질공원) #산 #등산 #공원,1.0.0,import,0.42,"[{""source"": ""tourapi"", ""source_url"": ""https://www.data.go.kr/data/15101578/openapi.do"", ""note"": ""규칙 기반 라벨 초안. 사람 교차검수 필요""}]",
tourapi,1620893,,0,0,0,0,0,0,0,0,도림사(광주),1.0.0,import,0.35,"[{""source"": ""tourapi"", ""source_url"": ""https://www.data.go.kr/data/15101578/openapi.do"", ""note"": ""규칙 기반 라벨 초안. 사람 교차검수 필요""}]",
tourapi,2565865,#카페,0,0,0,1,0,0,0.25,0,동리단길 카페거리 #카페,1.0.0,import,0.38,"[{""source"": ""tourapi"", ""source_url"": ""https://www.data.go.kr/data/15101578/openapi.do"", ""note"": ""규칙 기반 라벨 초안. 사람 교차검수 필요""}]",
tourapi,1620808,,0,0,0,0,0,0,0,0,두남제,1.0.0,import,0.35,"[{""source"": ""tourapi"", ""source_url"": ""https://www.data.go.kr/data/15101578/openapi.do"", ""note"": ""규칙 기반 라벨 초안. 사람 교차검수 필요""}]",
tourapi,3353800,#주차가능,0,0,0,0,0,0,0,0,뜻모아센터 #주차가능,1.0.0,import,0.35,"[{""source"": ""tourapi"", ""source_url"": ""https://www.data.go.kr/data/15101578/openapi.do"", ""note"": ""규칙 기반 라벨 초안. 사람 교차검수 필요""}]",
tourapi,2614783,#산|#등산|#공원|#주차가능,0.75,0,0,0,0,0.75,0.75,0,무등산 정상3봉 (무등산 국가지질공원) #산 #등산 #공원 #주차가능,1.0.0,import,0.42,"[{""source"": ""tourapi"", ""source_url"": ""https://www.data.go.kr/data/15101578/openapi.do"", ""note"": ""규칙 기반 라벨 초안. 사람 교차검수 필요""}]",
tourapi,1074432,#산|#등산|#주차가능,0.75,0,0,0,0,0.75,0,0,무등산 주상절리대 #산 #등산 #주차가능,1.0.0,import,0.4,"[{""source"": ""tourapi"", ""source_url"": ""https://www.data.go.kr/data/15101578/openapi.do"", ""note"": ""규칙 기반 라벨 초안. 사람 교차검수 필요""}]",
tourapi,129201,#전통,0,0.75,0,0,0,0,0,0,무양서원 #전통,1.0.0,import,0.38,"[{""source"": ""tourapi"", ""source_url"": ""https://www.data.go.kr/data/15101578/openapi.do"", ""note"": ""규칙 기반 라벨 초안. 사람 교차검수 필요""}]",
tourapi,2614815,#산|#등산|#공원,0.75,0,0,0,0,0.75,0.75,0,백마능선 (무등산권 국가지질공원) #산 #등산 #공원,1.0.0,import,0.42,"[{""source"": ""tourapi"", ""source_url"": ""https://www.data.go.kr/data/15101578/openapi.do"", ""note"": ""규칙 기반 라벨 초안. 사람 교차검수 필요""}]",
tourapi,742332,,0,0,0,0,0,0,0,0,부용정,1.0.0,import,0.35,"[{""source"": ""tourapi"", ""source_url"": ""https://www.data.go.kr/data/15101578/openapi.do"", ""note"": ""규칙 기반 라벨 초안. 사람 교차검수 필요""}]",
tourapi,2783824,#산|#공원|#주차가능,0.75,0,0,0,0,0,0.75,0,산동교친수공원 #산 #공원 #주차가능,1.0.0,import,0.4,"[{""source"": ""tourapi"", ""source_url"": ""https://www.data.go.kr/data/15101578/openapi.do"", ""note"": ""규칙 기반 라벨 초안. 사람 교차검수 필요""}]",
tourapi,129199,,0,0,0,0,0,0,0,0,삼거동 고인돌,1.0.0,import,0.35,"[{""source"": ""tourapi"", ""source_url"": ""https://www.data.go.kr/data/15101578/openapi.do"", ""note"": ""규칙 기반 라벨 초안. 사람 교차검수 필요""}]",
tourapi,1622203,#공원|#주차가능,0,0,0,0,0,0,0.75,0,상무시민공원 #공원 #주차가능,1.0.0,import,0.38,"[{""source"": ""tourapi"", ""source_url"": ""https://www.data.go.kr/data/15101578/openapi.do"", ""note"": ""규칙 기반 라벨 초안. 사람 교차검수 필요""}]",
tourapi,2614819,#산|#등산|#공원,0.75,0,0,0,0,0.75,0.75,0,새인봉 (무등산권 국가지질공원) #산 #등산 #공원,1.0.0,import,0.42,"[{""source"": ""tourapi"", ""source_url"": ""https://www.data.go.kr/data/15101578/openapi.do"", ""note"": ""규칙 기반 라벨 초안. 사람 교차검수 필요""}]",
tourapi,2614826,#산|#등산|#공원,0.75,0,0,0,0,0.75,0.75,0,서석대 (무등산권 국가지질공원) #산 #등산 #공원,1.0.0,import,0.42,"[{""source"": ""tourapi"", ""source_url"": ""https://www.data.go.kr/data/15101578/openapi.do"", ""note"": ""규칙 기반 라벨 초안. 사람 교차검수 필요""}]",
tourapi,127062,#주차가능,0,0,0,0,0,0,0,0,선교기념비 #주차가능,1.0.0,import,0.35,"[{""source"": ""tourapi"", ""source_url"": ""https://www.data.go.kr/data/15101578/openapi.do"", ""note"": ""규칙 기반 라벨 초안. 사람 교차검수 필요""}]",
tourapi,3353909,#주차가능,0,0,0,0,0,0,0,0,소잉(에이핸즈협동조합) #주차가능,1.0.0,import,0.35,"[{""source"": ""tourapi"", ""source_url"": ""https://www.data.go.kr/data/15101578/openapi.do"", ""note"": ""규칙 기반 라벨 초안. 사람 교차검수 필요""}]",
tourapi,1621168,#예술|#교육|#레저|#실내|#비오는날|#주차가능,0,0,0.75,0,1,0,0,0,고싸움놀이전수교육관 #예술 #교육 #레저 #실내 #비오는날 #주차가능,1.0.0,import,0.42,"[{""source"": ""tourapi"", ""source_url"": ""https://www.data.go.kr/data/15101578/openapi.do"", ""note"": ""규칙 기반 라벨 초안. 사람 교차검수 필요""}]",
tourapi,130032,#산|#예술|#실내|#비오는날|#주차가능,0.75,0,0.75,0,0,0,0,0,광산문화원 #산 #예술 #실내 #비오는날 #주차가능,1.0.0,import,0.4,"[{""source"": ""tourapi"", ""source_url"": ""https://www.data.go.kr/data/15101578/openapi.do"", ""note"": ""규칙 기반 라벨 초안. 사람 교차검수 필요""}]",
tourapi,130391,#예술|#실내|#비오는날|#주차가능,0,0,0.75,0,0,0,0,0,광주 동구문화원 #예술 #실내 #비오는날 #주차가능,1.0.0,import,0.38,"[{""source"": ""tourapi"", ""source_url"": ""https://www.data.go.kr/data/15101578/openapi.do"", ""note"": ""규칙 기반 라벨 초안. 사람 교차검수 필요""}]",
tourapi,130208,#예술|#실내|#비오는날|#주차가능,0,0,0.75,0,0,0,0,0,광주 북구문화원 #예술 #실내 #비오는날 #주차가능,1.0.0,import,0.38,"[{""source"": ""tourapi"", ""source_url"": ""https://www.data.go.kr/data/15101578/openapi.do"", ""note"": ""규칙 기반 라벨 초안. 사람 교차검수 필요""}]",
tourapi,130808,#예술|#실내|#비오는날|#주차가능,0,0,0.75,0,0,0,0,0,광주 송정다가치문화도서관 #예술 #실내 #비오는날 #주차가능,1.0.0,import,0.38,"[{""source"": ""tourapi"", ""source_url"": ""https://www.data.go.kr/data/15101578/openapi.do"", ""note"": ""규칙 기반 라벨 초안. 사람 교차검수 필요""}]",
tourapi,2733545,#전통|#예술|#실내|#비오는날|#주차가능,0,0.75,0.75,0,0,0,0,0,광주 전통문화관 #전통 #예술 #실내 #비오는날 #주차가능,1.0.0,import,0.4,"[{""source"": ""tourapi"", ""source_url"": ""https://www.data.go.kr/data/15101578/openapi.do"", ""note"": ""규칙 기반 라벨 초안. 사람 교차검수 필요""}]",
tourapi,130033,#예술|#실내|#비오는날|#주차가능,0,0,0.75,0,0,0,0,0,광주광역시 서구문화원 #예술 #실내 #비오는날 #주차가능,1.0.0,import,0.38,"[{""source"": ""tourapi"", ""source_url"": ""https://www.data.go.kr/data/15101578/openapi.do"", ""note"": ""규칙 기반 라벨 초안. 사람 교차검수 필요""}]",
tourapi,2779116,#박물관|#예술|#전시|#실내|#비오는날|#주차가능,0,0.75,1,0,0,0,0,0,광주비엔날레전시관 #박물관 #예술 #전시 #실내 #비오는날 #주차가능,1.0.0,import,0.45,"[{""source"": ""tourapi"", ""source_url"": ""https://www.data.go.kr/data/15101578/openapi.do"", ""note"": ""규칙 기반 라벨 초안. 사람 교차검수 필요""}]",
tourapi,129761,#예술|#전시|#실내|#비오는날|#주차가능,0,0,1,0,0,0,0,0,광주시립미술관 #예술 #전시 #실내 #비오는날 #주차가능,1.0.0,import,0.4,"[{""source"": ""tourapi"", ""source_url"": ""https://www.data.go.kr/data/15101578/openapi.do"", ""note"": ""규칙 기반 라벨 초안. 사람 교차검수 필요""}]",
tourapi,969963,#예술|#공연|#실내|#비오는날|#주차가능,0,0,1,0,0,0,0,0,광주야외음악당 #예술 #공연 #실내 #비오는날 #주차가능,1.0.0,import,0.4,"[{""source"": ""tourapi"", ""source_url"": ""https://www.data.go.kr/data/15101578/openapi.do"", ""note"": ""규칙 기반 라벨 초안. 사람 교차검수 필요""}]",
tourapi,3380159,#예술|#공연|#실내|#비오는날|#주차가능,0,0,1,0,0,0,0,0,광주자동차극장 #예술 #공연 #실내 #비오는날 #주차가능,1.0.0,import,0.4,"[{""source"": ""tourapi"", ""source_url"": ""https://www.data.go.kr/data/15101578/openapi.do"", ""note"": ""규칙 기반 라벨 초안. 사람 교차검수 필요""}]",
tourapi,2009775,#예술|#실내|#비오는날|#주차가능,0,0,0.75,0,0,0,0,0,국립아시아문화전당 #예술 #실내 #비오는날 #주차가능,1.0.0,import,0.38,"[{""source"": ""tourapi"", ""source_url"": ""https://www.data.go.kr/data/15101578/openapi.do"", ""note"": ""규칙 기반 라벨 초안. 사람 교차검수 필요""}]",
tourapi,130807,#예술|#교육|#실내|#비오는날|#주차가능,0,0,0.75,0,0.75,0,0,0,금호평생교육관 #예술 #교육 #실내 #비오는날 #주차가능,1.0.0,import,0.4,"[{""source"": ""tourapi"", ""source_url"": ""https://www.data.go.kr/data/15101578/openapi.do"", ""note"": ""규칙 기반 라벨 초안. 사람 교차검수 필요""}]",
tourapi,1745001,#예술|#야경|#실내|#비오는날|#주차가능,0,0,0.75,0,0,0,0,0.75,빛고을시민문화관 #예술 #야경 #실내 #비오는날 #주차가능,1.0.0,import,0.4,"[{""source"": ""tourapi"", ""source_url"": ""https://www.data.go.kr/data/15101578/openapi.do"", ""note"": ""규칙 기반 라벨 초안. 사람 교차검수 필요""}]",
tourapi,2605338,#예술|#실내|#비오는날|#주차가능,0,0,0.75,0,0,0,0,0,수피아여자중고등학교 #예술 #실내 #비오는날 #주차가능,1.0.0,import,0.38,"[{""source"": ""tourapi"", ""source_url"": ""https://www.data.go.kr/data/15101578/openapi.do"", ""note"": ""규칙 기반 라벨 초안. 사람 교차검수 필요""}]",
tourapi,130639,#예술|#전시|#실내|#비오는날|#주차가능,0,0,1,0,0,0,0,0,우제길미술관 #예술 #전시 #실내 #비오는날 #주차가능,1.0.0,import,0.4,"[{""source"": ""tourapi"", ""source_url"": ""https://www.data.go.kr/data/15101578/openapi.do"", ""note"": ""규칙 기반 라벨 초안. 사람 교차검수 필요""}]",
tourapi,2755010,#민주인권|#예술|#실내|#비오는날|#주차가능,0,0.75,0.75,0,0,0,0,0,5·18민주화운동 기록관 #민주인권 #예술 #실내 #비오는날 #주차가능,1.0.0,import,0.4,"[{""source"": ""tourapi"", ""source_url"": ""https://www.data.go.kr/data/15101578/openapi.do"", ""note"": ""규칙 기반 라벨 초안. 사람 교차검수 필요""}]",
tourapi,3460731,#공연|#참여형|#축제,0,0,0.75,0,0.75,0,0,1,광주여성영화제 #공연 #참여형 #축제,1.0.0,import,0.45,"[{""source"": ""tourapi"", ""source_url"": ""https://www.data.go.kr/data/15101578/openapi.do"", ""note"": ""규칙 기반 라벨 초안. 사람 교차검수 필요""}]",
tourapi,131450,#체험|#스포츠,0,0,0,0,0.75,0.75,0,0,광주북구청소년수련관 #체험 #스포츠,1.0.0,import,0.4,"[{""source"": ""tourapi"", ""source_url"": ""https://www.data.go.kr/data/15101578/openapi.do"", ""note"": ""규칙 기반 라벨 초안. 사람 교차검수 필요""}]",
tourapi,2739385,#체험|#스포츠,0,0,0,0,0.75,0.75,0,0,광주시패밀리랜드 카라반캠핑장 #체험 #스포츠,1.0.0,import,0.4,"[{""source"": ""tourapi"", ""source_url"": ""https://www.data.go.kr/data/15101578/openapi.do"", ""note"": ""규칙 기반 라벨 초안. 사람 교차검수 필요""}]",
tourapi,2728916,#체험|#스포츠,0,0,0,0,0.75,0.75,0,0,승촌보오토캠핑장 #체험 #스포츠,1.0.0,import,0.4,"[{""source"": ""tourapi"", ""source_url"": ""https://www.data.go.kr/data/15101578/openapi.do"", ""note"": ""규칙 기반 라벨 초안. 사람 교차검수 필요""}]",
tourapi,2661532,#숲|#체험|#스포츠,0.75,0,0,0,0.75,0.75,0,0,시민의 숲 야영장 #숲 #체험 #스포츠,1.0.0,import,0.42,"[{""source"": ""tourapi"", ""source_url"": ""https://www.data.go.kr/data/15101578/openapi.do"", ""note"": ""규칙 기반 라벨 초안. 사람 교차검수 필요""}]",
tourapi,1622267,#체험|#스포츠,0,0,0,0,0.75,0.75,0,0,염주실내수영장 #체험 #스포츠,1.0.0,import,0.4,"[{""source"": ""tourapi"", ""source_url"": ""https://www.data.go.kr/data/15101578/openapi.do"", ""note"": ""규칙 기반 라벨 초안. 사람 교차검수 필요""}]",
tourapi,2763536,#체험|#스포츠,0,0,0,0,0.75,0.75,0,0,주노글램핑 인 광주시 #체험 #스포츠,1.0.0,import,0.4,"[{""source"": ""tourapi"", ""source_url"": ""https://www.data.go.kr/data/15101578/openapi.do"", ""note"": ""규칙 기반 라벨 초안. 사람 교차검수 필요""}]",
tourapi,2718673,#산|#체험|#스포츠,0.75,0,0,0,0.75,0.75,0,0,휴파크 광산점 #산 #체험 #스포츠,1.0.0,import,0.42,"[{""source"": ""tourapi"", ""source_url"": ""https://www.data.go.kr/data/15101578/openapi.do"", ""note"": ""규칙 기반 라벨 초안. 사람 교차검수 필요""}]",
tourapi,1621202,#시장|#실내|#비오는날,0,0,0,0.75,0,0,0,0,무안요(광주) #시장 #실내 #비오는날,1.0.0,import,0.38,"[{""source"": ""tourapi"", ""source_url"": ""https://www.data.go.kr/data/15101578/openapi.do"", ""note"": ""규칙 기반 라벨 초안. 사람 교차검수 필요""}]",
tourapi,2783789,#시장|#실내|#비오는날,0,0,0,0.75,0,0,0,0,비아5일시장 #시장 #실내 #비오는날,1.0.0,import,0.38,"[{""source"": ""tourapi"", ""source_url"": ""https://www.data.go.kr/data/15101578/openapi.do"", ""note"": ""규칙 기반 라벨 초안. 사람 교차검수 필요""}]",
tourapi,2765207,#시장|#실내|#비오는날,0,0,0,0.75,0,0,0,0,상무화훼단지 #시장 #실내 #비오는날,1.0.0,import,0.38,"[{""source"": ""tourapi"", ""source_url"": ""https://www.data.go.kr/data/15101578/openapi.do"", ""note"": ""규칙 기반 라벨 초안. 사람 교차검수 필요""}]",
tourapi,2783783,#산|#시장|#실내|#비오는날,0.75,0,0,0.75,0,0,0,0,서부농수산물도매시장 #산 #시장 #실내 #비오는날,1.0.0,import,0.4,"[{""source"": ""tourapi"", ""source_url"": ""https://www.data.go.kr/data/15101578/openapi.do"", ""note"": ""규칙 기반 라벨 초안. 사람 교차검수 필요""}]",
tourapi,2783776,#시장|#실내|#비오는날,0,0,0,0.75,0,0,0,0,월곡시장 #시장 #실내 #비오는날,1.0.0,import,0.38,"[{""source"": ""tourapi"", ""source_url"": ""https://www.data.go.kr/data/15101578/openapi.do"", ""note"": ""규칙 기반 라벨 초안. 사람 교차검수 필요""}]",
tourapi,127480,,0,0,0,0,0,0,0,0,가거도,1.0.0,import,0.35,"[{""source"": ""tourapi"", ""source_url"": ""https://www.data.go.kr/data/15101578/openapi.do"", ""note"": ""규칙 기반 라벨 초안. 사람 교차검수 필요""}]",
tourapi,126273,#주차가능,0,0,0,0,0,0,0,0,가계해수욕장 #주차가능,1.0.0,import,0.35,"[{""source"": ""tourapi"", ""source_url"": ""https://www.data.go.kr/data/15101578/openapi.do"", ""note"": ""규칙 기반 라벨 초안. 사람 교차검수 필요""}]",
tourapi,127423,#주차가능,0,0,0,0,0,0,0,0,가마골계곡 #주차가능,1.0.0,import,0.35,"[{""source"": ""tourapi"", ""source_url"": ""https://www.data.go.kr/data/15101578/openapi.do"", ""note"": ""규칙 기반 라벨 초안. 사람 교차검수 필요""}]",
tourapi,126289,#주차가능,0,0,0,0,0,0,0,0,가마미해수욕장 #주차가능,1.0.0,import,0.35,"[{""source"": ""tourapi"", ""source_url"": ""https://www.data.go.kr/data/15101578/openapi.do"", ""note"": ""규칙 기반 라벨 초안. 사람 교차검수 필요""}]",
tourapi,2615324,#숲|#바다|#주차가능,1,0,0,0,0,0,0,0,가사동백숲해변 #숲 #바다 #주차가능,1.0.0,import,0.4,"[{""source"": ""tourapi"", ""source_url"": ""https://www.data.go.kr/data/15101578/openapi.do"", ""note"": ""규칙 기반 라벨 초안. 사람 교차검수 필요""}]",
tourapi,1916695,,0,0,0,0,0,0,0,0,가사해수욕장,1.0.0,import,0.35,"[{""source"": ""tourapi"", ""source_url"": ""https://www.data.go.kr/data/15101578/openapi.do"", ""note"": ""규칙 기반 라벨 초안. 사람 교차검수 필요""}]",
tourapi,1957336,#산|#전통|#주차가능,0.75,0.75,0,0,0,0,0,0,가산서원 #산 #전통 #주차가능,1.0.0,import,0.4,"[{""source"": ""tourapi"", ""source_url"": ""https://www.data.go.kr/data/15101578/openapi.do"", ""note"": ""규칙 기반 라벨 초안. 사람 교차검수 필요""}]",
tourapi,2732489,#산|#공원,0.75,0,0,0,0,0,0.75,0,가야금산조테마공원 #산 #공원,1.0.0,import,0.4,"[{""source"": ""tourapi"", ""source_url"": ""https://www.data.go.kr/data/15101578/openapi.do"", ""note"": ""규칙 기반 라벨 초안. 사람 교차검수 필요""}]",
tourapi,3013529,#정원|#공원,0.75,0,0,0,0,0,0.75,0,가야정원 #정원 #공원,1.0.0,import,0.4,"[{""source"": ""tourapi"", ""source_url"": ""https://www.data.go.kr/data/15101578/openapi.do"", ""note"": ""규칙 기반 라벨 초안. 사람 교차검수 필요""}]",
tourapi,129024,#느린여행|#주차가능,0,0,0,0,0,0,0.75,0,갈두마을(땅끝마을) #느린여행 #주차가능,1.0.0,import,0.38,"[{""source"": ""tourapi"", ""source_url"": ""https://www.data.go.kr/data/15101578/openapi.do"", ""note"": ""규칙 기반 라벨 초안. 사람 교차검수 필요""}]",
tourapi,1957338,#주차가능,0,0,0,0,0,0,0,0,강덕사 #주차가능,1.0.0,import,0.35,"[{""source"": ""tourapi"", ""source_url"": ""https://www.data.go.kr/data/15101578/openapi.do"", ""note"": ""규칙 기반 라벨 초안. 사람 교차검수 필요""}]",
tourapi,1349796,#체험|#느린여행|#아이동반|#주차가능,0,0,0,0,0.75,0,0.75,0,강진 백사어촌체험마을 #체험 #느린여행 #아이동반 #주차가능,1.0.0,import,0.4,"[{""source"": ""tourapi"", ""source_url"": ""https://www.data.go.kr/data/15101578/openapi.do"", ""note"": ""규칙 기반 라벨 초안. 사람 교차검수 필요""}]",
tourapi,2515265,#정원|#공원|#주차가능,0.75,0,0,0,0,0,0.75,0,강진 백운동별서정원 #정원 #공원 #주차가능,1.0.0,import,0.4,"[{""source"": ""tourapi"", ""source_url"": ""https://www.data.go.kr/data/15101578/openapi.do"", ""note"": ""규칙 기반 라벨 초안. 사람 교차검수 필요""}]",
tourapi,128952,#느린여행,0,0,0,0,0,0,0.75,0,강진 병영마을 옛 담장 #느린여행,1.0.0,import,0.38,"[{""source"": ""tourapi"", ""source_url"": ""https://www.data.go.kr/data/15101578/openapi.do"", ""note"": ""규칙 기반 라벨 초안. 사람 교차검수 필요""}]",
tourapi,129693,,0,0,0,0,0,0,0,0,강진 삼인리 비자나무,1.0.0,import,0.35,"[{""source"": ""tourapi"", ""source_url"": ""https://www.data.go.kr/data/15101578/openapi.do"", ""note"": ""규칙 기반 라벨 초안. 사람 교차검수 필요""}]",
tourapi,1350167,#체험|#느린여행|#아이동반|#주차가능,0,0,0,0,0.75,0,0.75,0,강진 서중어촌체험마을 #체험 #느린여행 #아이동반 #주차가능,1.0.0,import,0.4,"[{""source"": ""tourapi"", ""source_url"": ""https://www.data.go.kr/data/15101578/openapi.do"", ""note"": ""규칙 기반 라벨 초안. 사람 교차검수 필요""}]",
tourapi,2515789,,0,0,0,0,0,0,0,0,강진 오감통,1.0.0,import,0.35,"[{""source"": ""tourapi"", ""source_url"": ""https://www.data.go.kr/data/15101578/openapi.do"", ""note"": ""규칙 기반 라벨 초안. 사람 교차검수 필요""}]",
tourapi,128151,#주차가능,0,0,0,0,0,0,0,0,강진다원 #주차가능,1.0.0,import,0.35,"[{""source"": ""tourapi"", ""source_url"": ""https://www.data.go.kr/data/15101578/openapi.do"", ""note"": ""규칙 기반 라벨 초안. 사람 교차검수 필요""}]",
tourapi,129692,,0,0,0,0,0,0,0,0,강진마도진만호성지,1.0.0,import,0.35,"[{""source"": ""tourapi"", ""source_url"": ""https://www.data.go.kr/data/15101578/openapi.do"", ""note"": ""규칙 기반 라벨 초안. 사람 교차검수 필요""}]",
tourapi,126645,,0,0,0,0,0,0,0,0,강진만,1.0.0,import,0.35,"[{""source"": ""tourapi"", ""source_url"": ""https://www.data.go.kr/data/15101578/openapi.do"", ""note"": ""규칙 기반 라벨 초안. 사람 교차검수 필요""}]",
tourapi,127111,,0,0,0,0,0,0,0,0,강진영랑생가,1.0.0,import,0.35,"[{""source"": ""tourapi"", ""source_url"": ""https://www.data.go.kr/data/15101578/openapi.do"", ""note"": ""규칙 기반 라벨 초안. 사람 교차검수 필요""}]",
tourapi,1624164,#전통|#주차가능,0,0.75,0,0,0,0,0,0,강진향교 #전통 #주차가능,1.0.0,import,0.38,"[{""source"": ""tourapi"", ""source_url"": ""https://www.data.go.kr/data/15101578/openapi.do"", ""note"": ""규칙 기반 라벨 초안. 사람 교차검수 필요""}]",
tourapi,2638437,#자연|#공원|#주차가능,0.75,0,0,0,0,0,0.75,0,개구리생태공원 #자연 #공원 #주차가능,1.0.0,import,0.4,"[{""source"": ""tourapi"", ""source_url"": ""https://www.data.go.kr/data/15101578/openapi.do"", ""note"": ""규칙 기반 라벨 초안. 사람 교차검수 필요""}]",
tourapi,127147,#주차가능,0,0,0,0,0,0,0,0,개천사 #주차가능,1.0.0,import,0.35,"[{""source"": ""tourapi"", ""source_url"": ""https://www.data.go.kr/data/15101578/openapi.do"", ""note"": ""규칙 기반 라벨 초안. 사람 교차검수 필요""}]",
tourapi,2032450,#자연|#숲|#주차가능,1,0,0,0,0,0,0,0,거금생태숲 #자연 #숲 #주차가능,1.0.0,import,0.4,"[{""source"": ""tourapi"", ""source_url"": ""https://www.data.go.kr/data/15101578/openapi.do"", ""note"": ""규칙 기반 라벨 초안. 사람 교차검수 필요""}]",
tourapi,126283,#주차가능,0,0,0,0,0,0,0,0,거문도 #주차가능,1.0.0,import,0.35,"[{""source"": ""tourapi"", ""source_url"": ""https://www.data.go.kr/data/15101578/openapi.do"", ""note"": ""규칙 기반 라벨 초안. 사람 교차검수 필요""}]",
tourapi,129151,,0,0,0,0,0,0,0,0,거문도 등대,1.0.0,import,0.35,"[{""source"": ""tourapi"", ""source_url"": ""https://www.data.go.kr/data/15101578/openapi.do"", ""note"": ""규칙 기반 라벨 초안. 사람 교차검수 필요""}]",
tourapi,988129,,0,0,0,0,0,0,0,0,거문도 신선바위,1.0.0,import,0.35,"[{""source"": ""tourapi"", ""source_url"": ""https://www.data.go.kr/data/15101578/openapi.do"", ""note"": ""규칙 기반 라벨 초안. 사람 교차검수 필요""}]",
tourapi,2723663,,0,0,0,0,0,0,0,0,거문도해수욕장,1.0.0,import,0.35,"[{""source"": ""tourapi"", ""source_url"": ""https://www.data.go.kr/data/15101578/openapi.do"", ""note"": ""규칙 기반 라벨 초안. 사람 교차검수 필요""}]",
tourapi,2752372,#공원,0,0,0,0,0,0,0.75,0,거북선공원 #공원,1.0.0,import,0.38,"[{""source"": ""tourapi"", ""source_url"": ""https://www.data.go.kr/data/15101578/openapi.do"", ""note"": ""규칙 기반 라벨 초안. 사람 교차검수 필요""}]",
tourapi,1623643,#예술|#실내|#비오는날,0,0,0.75,0,0,0,0,0,강진군도서관 #예술 #실내 #비오는날,1.0.0,import,0.38,"[{""source"": ""tourapi"", ""source_url"": ""https://www.data.go.kr/data/15101578/openapi.do"", ""note"": ""규칙 기반 라벨 초안. 사람 교차검수 필요""}]",
tourapi,1778079,#예술|#실내|#비오는날,0,0,0.75,0,0,0,0,0,강진아트홀 #예술 #실내 #비오는날,1.0.0,import,0.38,"[{""source"": ""tourapi"", ""source_url"": ""https://www.data.go.kr/data/15101578/openapi.do"", ""note"": ""규칙 기반 라벨 초안. 사람 교차검수 필요""}]",
tourapi,2612901,#산|#박물관|#예술|#전시|#실내|#비오는날,0.75,0.75,1,0,0,0,0,0,고산 윤선도 박물관 #산 #박물관 #예술 #전시 #실내 #비오는날,1.0.0,import,0.45,"[{""source"": ""tourapi"", ""source_url"": ""https://www.data.go.kr/data/15101578/openapi.do"", ""note"": ""규칙 기반 라벨 초안. 사람 교차검수 필요""}]",
tourapi,129996,#예술|#실내|#비오는날,0,0,0.75,0,0,0,0,0,고흥문화원 #예술 #실내 #비오는날,1.0.0,import,0.38,"[{""source"": ""tourapi"", ""source_url"": ""https://www.data.go.kr/data/15101578/openapi.do"", ""note"": ""규칙 기반 라벨 초안. 사람 교차검수 필요""}]",
tourapi,2605786,#박물관|#예술|#전시|#실내|#비오는날,0,0.75,1,0,0,0,0,0,고흥분청문화박물관 #박물관 #예술 #전시 #실내 #비오는날,1.0.0,import,0.42,"[{""source"": ""tourapi"", ""source_url"": ""https://www.data.go.kr/data/15101578/openapi.do"", ""note"": ""규칙 기반 라벨 초안. 사람 교차검수 필요""}]",
tourapi,3351638,#자연|#예술|#교육|#느린여행|#실내|#비오는날,0.75,0,0.75,0,0.75,0,0.75,0,곡성기차마을 생태학습관 #자연 #예술 #교육 #느린여행 #실내 #비오는날,1.0.0,import,0.45,"[{""source"": ""tourapi"", ""source_url"": ""https://www.data.go.kr/data/15101578/openapi.do"", ""note"": ""규칙 기반 라벨 초안. 사람 교차검수 필요""}]",
tourapi,1054221,#예술|#레저|#실내|#비오는날,0,0,0.75,0,0.75,0,0,0,곡성레저문화센터 #예술 #레저 #실내 #비오는날,1.0.0,import,0.4,"[{""source"": ""tourapi"", ""source_url"": ""https://www.data.go.kr/data/15101578/openapi.do"", ""note"": ""규칙 기반 라벨 초안. 사람 교차검수 필요""}]",
tourapi,129991,#예술|#실내|#비오는날,0,0,0.75,0,0,0,0,0,곡성문화원 #예술 #실내 #비오는날,1.0.0,import,0.38,"[{""source"": ""tourapi"", ""source_url"": ""https://www.data.go.kr/data/15101578/openapi.do"", ""note"": ""규칙 기반 라벨 초안. 사람 교차검수 필요""}]",
tourapi,2733394,#역사|#예술|#실내|#비오는날,0,0.75,0.75,0,0,0,0,0,광양 역사문화관 #역사 #예술 #실내 #비오는날,1.0.0,import,0.4,"[{""source"": ""tourapi"", ""source_url"": ""https://www.data.go.kr/data/15101578/openapi.do"", ""note"": ""규칙 기반 라벨 초안. 사람 교차검수 필요""}]",
tourapi,2782651,#예술|#실내|#비오는날,0,0,0.75,0,0,0,0,0,광양매화문화관 #예술 #실내 #비오는날,1.0.0,import,0.38,"[{""source"": ""tourapi"", ""source_url"": ""https://www.data.go.kr/data/15101578/openapi.do"", ""note"": ""규칙 기반 라벨 초안. 사람 교차검수 필요""}]",
tourapi,129987,#예술|#실내|#비오는날,0,0,0.75,0,0,0,0,0,광양문화원 #예술 #실내 #비오는날,1.0.0,import,0.38,"[{""source"": ""tourapi"", ""source_url"": ""https://www.data.go.kr/data/15101578/openapi.do"", ""note"": ""규칙 기반 라벨 초안. 사람 교차검수 필요""}]",
tourapi,130205,#예술|#실내|#비오는날,0,0,0.75,0,0,0,0,0,광양시문화예술회관 #예술 #실내 #비오는날,1.0.0,import,0.38,"[{""source"": ""tourapi"", ""source_url"": ""https://www.data.go.kr/data/15101578/openapi.do"", ""note"": ""규칙 기반 라벨 초안. 사람 교차검수 필요""}]",
tourapi,2732668,#예술|#실내|#비오는날,0,0,0.75,0,0,0,0,0,광양예술창고 #예술 #실내 #비오는날,1.0.0,import,0.38,"[{""source"": ""tourapi"", ""source_url"": ""https://www.data.go.kr/data/15101578/openapi.do"", ""note"": ""규칙 기반 라벨 초안. 사람 교차검수 필요""}]",
tourapi,130559,#예술|#실내|#비오는날,0,0,0.75,0,0,0,0,0,구례향제줄풍류전수관 #예술 #실내 #비오는날,1.0.0,import,0.38,"[{""source"": ""tourapi"", ""source_url"": ""https://www.data.go.kr/data/15101578/openapi.do"", ""note"": ""규칙 기반 라벨 초안. 사람 교차검수 필요""}]",
tourapi,129896,#산|#바다|#예술|#실내|#비오는날,1,0,0.75,0,0,0,0,0,국립해양유산연구소 #산 #바다 #예술 #실내 #비오는날,1.0.0,import,0.42,"[{""source"": ""tourapi"", ""source_url"": ""https://www.data.go.kr/data/15101578/openapi.do"", ""note"": ""규칙 기반 라벨 초안. 사람 교차검수 필요""}]",
tourapi,705052,#박물관|#예술|#전시|#실내|#비오는날,0,0.75,1,0,0,0,0,0,귀족호도박물관 #박물관 #예술 #전시 #실내 #비오는날,1.0.0,import,0.42,"[{""source"": ""tourapi"", ""source_url"": ""https://www.data.go.kr/data/15101578/openapi.do"", ""note"": ""규칙 기반 라벨 초안. 사람 교차검수 필요""}]",
tourapi,3090707,#박물관|#예술|#전시|#실내|#비오는날,0,0.75,1,0,0,0,0,0,규남박물관 #박물관 #예술 #전시 #실내 #비오는날,1.0.0,import,0.42,"[{""source"": ""tourapi"", ""source_url"": ""https://www.data.go.kr/data/15101578/openapi.do"", ""note"": ""규칙 기반 라벨 초안. 사람 교차검수 필요""}]",
tourapi,1994953,#역사|#박물관|#예술|#실내|#비오는날,0,1,0.75,0,0,0,0,0,김대중 노벨평화상 기념관 #역사 #박물관 #예술 #실내 #비오는날,1.0.0,import,0.42,"[{""source"": ""tourapi"", ""source_url"": ""https://www.data.go.kr/data/15101578/openapi.do"", ""note"": ""규칙 기반 라벨 초안. 사람 교차검수 필요""}]",
tourapi,129986,#예술|#실내|#비오는날,0,0,0.75,0,0,0,0,0,나주문화원 #예술 #실내 #비오는날,1.0.0,import,0.38,"[{""source"": ""tourapi"", ""source_url"": ""https://www.data.go.kr/data/15101578/openapi.do"", ""note"": ""규칙 기반 라벨 초안. 사람 교차검수 필요""}]",
tourapi,130913,#예술|#전시|#실내|#비오는날,0,0,1,0,0,0,0,0,남포미술관 #예술 #전시 #실내 #비오는날,1.0.0,import,0.4,"[{""source"": ""tourapi"", ""source_url"": ""https://www.data.go.kr/data/15101578/openapi.do"", ""note"": ""규칙 기반 라벨 초안. 사람 교차검수 필요""}]",
tourapi,2732508,#산|#역사|#박물관|#예술|#실내|#비오는날,0.75,1,0.75,0,0,0,0,0,낭산김준연선생기념관 #산 #역사 #박물관 #예술 #실내 #비오는날,1.0.0,import,0.45,"[{""source"": ""tourapi"", ""source_url"": ""https://www.data.go.kr/data/15101578/openapi.do"", ""note"": ""규칙 기반 라벨 초안. 사람 교차검수 필요""}]",
tourapi,2650448,#예술|#실내|#비오는날,0,0,0.75,0,0,0,0,0,농부네 텃밭도서관 #예술 #실내 #비오는날,1.0.0,import,0.38,"[{""source"": ""tourapi"", ""source_url"": ""https://www.data.go.kr/data/15101578/openapi.do"", ""note"": ""규칙 기반 라벨 초안. 사람 교차검수 필요""}]",
tourapi,2371605,#산|#박물관|#예술|#전시|#실내|#비오는날,0.75,0.75,1,0,0,0,0,0,다산박물관 #산 #박물관 #예술 #전시 #실내 #비오는날,1.0.0,import,0.45,"[{""source"": ""tourapi"", ""source_url"": ""https://www.data.go.kr/data/15101578/openapi.do"", ""note"": ""규칙 기반 라벨 초안. 사람 교차검수 필요""}]",
tourapi,2784213,#박물관|#예술|#전시|#실내|#비오는날,0,0.75,1,0,0,0,0,0,담양곤충박물관 #박물관 #예술 #전시 #실내 #비오는날,1.0.0,import,0.42,"[{""source"": ""tourapi"", ""source_url"": ""https://www.data.go.kr/data/15101578/openapi.do"", ""note"": ""규칙 기반 라벨 초안. 사람 교차검수 필요""}]",
tourapi,129988,#예술|#실내|#비오는날,0,0,0.75,0,0,0,0,0,담양문화원 #예술 #실내 #비오는날,1.0.0,import,0.38,"[{""source"": ""tourapi"", ""source_url"": ""https://www.data.go.kr/data/15101578/openapi.do"", ""note"": ""규칙 기반 라벨 초안. 사람 교차검수 필요""}]",
tourapi,2553930,#박물관|#예술|#전시|#실내|#비오는날,0,0.75,1,0,0,0,0,0,담양우표박물관 #박물관 #예술 #전시 #실내 #비오는날,1.0.0,import,0.42,"[{""source"": ""tourapi"", ""source_url"": ""https://www.data.go.kr/data/15101578/openapi.do"", ""note"": ""규칙 기반 라벨 초안. 사람 교차검수 필요""}]",
tourapi,1186650,#숲|#예술|#실내|#비오는날,0.75,0,0.75,0,0,0,0,0,대나무 건강나라 #숲 #예술 #실내 #비오는날,1.0.0,import,0.4,"[{""source"": ""tourapi"", ""source_url"": ""https://www.data.go.kr/data/15101578/openapi.do"", ""note"": ""규칙 기반 라벨 초안. 사람 교차검수 필요""}]",
tourapi,130582,#예술|#전시|#실내|#비오는날,0,0,1,0,0,0,0,0,도화헌미술관 #예술 #전시 #실내 #비오는날,1.0.0,import,0.4,"[{""source"": ""tourapi"", ""source_url"": ""https://www.data.go.kr/data/15101578/openapi.do"", ""note"": ""규칙 기반 라벨 초안. 사람 교차검수 필요""}]",
tourapi,130563,#자연|#바다|#박물관|#예술|#전시|#실내|#비오는날,1,0.75,1,0,0,0,0,0,땅끝해양자연사박물관 #자연 #바다 #박물관 #예술 #전시 #실내 #비오는날,1.0.0,import,0.47,"[{""source"": ""tourapi"", ""source_url"": ""https://www.data.go.kr/data/15101578/openapi.do"", ""note"": ""규칙 기반 라벨 초안. 사람 교차검수 필요""}]",
tourapi,2708333,#박물관|#예술|#전시|#실내|#비오는날,0,0.75,1,0,0,0,0,0,명량대첩해전사 기념전시관 #박물관 #예술 #전시 #실내 #비오는날,1.0.0,import,0.42,"[{""source"": ""tourapi"", ""source_url"": ""https://www.data.go.kr/data/15101578/openapi.do"", ""note"": ""규칙 기반 라벨 초안. 사람 교차검수 필요""}]",
tourapi,3012429,#공연|#참여형|#축제,0,0,0.75,0,0.75,0,0,1,남도영화제 시즌2 광양 #공연 #참여형 #축제,1.0.0,import,0.47,"[{""source"": ""tourapi"", ""source_url"": ""https://www.data.go.kr/data/15101578/openapi.do"", ""note"": ""규칙 기반 라벨 초안. 사람 교차검수 필요""}]",
tourapi,3506515,#공연|#시장|#참여형|#축제,0,0,0.75,0.75,0.75,0,0,1,담양 다미담주 페스티벌 쓰담쓰담 야시장 #공연 #시장 #참여형 #축제,1.0.0,import,0.5,"[{""source"": ""tourapi"", ""source_url"": ""https://www.data.go.kr/data/15101578/openapi.do"", ""note"": ""규칙 기반 라벨 초안. 사람 교차검수 필요""}]",
tourapi,3547386,#공연|#참여형|#축제,0,0,0.75,0,0.75,0,0,1,한국전력과 함께하는 2025 희망·사랑 나눔 콘서트 #공연 #참여형 #축제,1.0.0,import,0.45,"[{""source"": ""tourapi"", ""source_url"": ""https://www.data.go.kr/data/15101578/openapi.do"", ""note"": ""규칙 기반 라벨 초안. 사람 교차검수 필요""}]",
tourapi,2737313,#예술|#공연|#참여형|#축제,0,0,1,0,0.75,0,0,1,2025섬진강국제실험예술제(SIEAF) #예술 #공연 #참여형 #축제,1.0.0,import,0.47,"[{""source"": ""tourapi"", ""source_url"": ""https://www.data.go.kr/data/15101578/openapi.do"", ""note"": ""규칙 기반 라벨 초안. 사람 교차검수 필요""}]",
tourapi,2737354,#체험|#스포츠,0,0,0,0,0.75,0.75,0,0,가마골계곡 핫캠핑장 #체험 #스포츠,1.0.0,import,0.4,"[{""source"": ""tourapi"", ""source_url"": ""https://www.data.go.kr/data/15101578/openapi.do"", ""note"": ""규칙 기반 라벨 초안. 사람 교차검수 필요""}]",
tourapi,2740970,#체험|#스포츠,0,0,0,0,0.75,0.75,0,0,가우도카라반펜션 #체험 #스포츠,1.0.0,import,0.4,"[{""source"": ""tourapi"", ""source_url"": ""https://www.data.go.kr/data/15101578/openapi.do"", ""note"": ""규칙 기반 라벨 초안. 사람 교차검수 필요""}]",
tourapi,2752162,#바다|#체험|#스포츠|#공원,0.75,0,0,0,0.75,0.75,0.75,0,거금해양낚시공원 #바다 #체험 #스포츠 #공원,1.0.0,import,0.45,"[{""source"": ""tourapi"", ""source_url"": ""https://www.data.go.kr/data/15101578/openapi.do"", ""note"": ""규칙 기반 라벨 초안. 사람 교차검수 필요""}]",
tourapi,2554912,#체험|#스포츠|#자전거|#느린여행,0,0,0,0,0.75,1,0.75,0,곡성기차마을 패러글라이딩 #체험 #스포츠 #자전거 #느린여행,1.0.0,import,0.45,"[{""source"": ""tourapi"", ""source_url"": ""https://www.data.go.kr/data/15101578/openapi.do"", ""note"": ""규칙 기반 라벨 초안. 사람 교차검수 필요""}]",
tourapi,2739374,#자연|#산|#체험|#스포츠,1,0,0,0,0.75,0.75,0,0,국립천관산자연휴양림캠핑장 #자연 #산 #체험 #스포츠,1.0.0,import,0.45,"[{""source"": ""tourapi"", ""source_url"": ""https://www.data.go.kr/data/15101578/openapi.do"", ""note"": ""규칙 기반 라벨 초안. 사람 교차검수 필요""}]",
tourapi,2727342,#체험|#스포츠,0,0,0,0,0.75,0.75,0,0,굴전여가캠핑장 #체험 #스포츠,1.0.0,import,0.4,"[{""source"": ""tourapi"", ""source_url"": ""https://www.data.go.kr/data/15101578/openapi.do"", ""note"": ""규칙 기반 라벨 초안. 사람 교차검수 필요""}]",
tourapi,2737326,#체험|#스포츠,0,0,0,0,0.75,0.75,0,0,글램킹 글램핑 #체험 #스포츠,1.0.0,import,0.4,"[{""source"": ""tourapi"", ""source_url"": ""https://www.data.go.kr/data/15101578/openapi.do"", ""note"": ""규칙 기반 라벨 초안. 사람 교차검수 필요""}]",
tourapi,2483594,#체험|#스포츠,0,0,0,0,0.75,0.75,0,0,금오도 비렁길 #체험 #스포츠,1.0.0,import,0.4,"[{""source"": ""tourapi"", ""source_url"": ""https://www.data.go.kr/data/15101578/openapi.do"", ""note"": ""규칙 기반 라벨 초안. 사람 교차검수 필요""}]",
tourapi,2743206,#체험|#스포츠,0,0,0,0,0.75,0.75,0,0,금오도보금자리펜션 #체험 #스포츠,1.0.0,import,0.4,"[{""source"": ""tourapi"", ""source_url"": ""https://www.data.go.kr/data/15101578/openapi.do"", ""note"": ""규칙 기반 라벨 초안. 사람 교차검수 필요""}]",
tourapi,2909143,#체험|#스포츠,0,0,0,0,0.75,0.75,0,0,낭도야영장 #체험 #스포츠,1.0.0,import,0.4,"[{""source"": ""tourapi"", ""source_url"": ""https://www.data.go.kr/data/15101578/openapi.do"", ""note"": ""규칙 기반 라벨 초안. 사람 교차검수 필요""}]",
tourapi,2481694,#체험|#스포츠,0,0,0,0,0.75,0.75,0,0,느랭이골 글램핑 #체험 #스포츠,1.0.0,import,0.4,"[{""source"": ""tourapi"", ""source_url"": ""https://www.data.go.kr/data/15101578/openapi.do"", ""note"": ""규칙 기반 라벨 초안. 사람 교차검수 필요""}]",
tourapi,2734187,#체험|#스포츠|#야경,0,0,0,0,0.75,0.75,0,0.75,달빛담은캠핑장 #체험 #스포츠 #야경,1.0.0,import,0.42,"[{""source"": ""tourapi"", ""source_url"": ""https://www.data.go.kr/data/15101578/openapi.do"", ""note"": ""규칙 기반 라벨 초안. 사람 교차검수 필요""}]",
tourapi,2013935,#체험|#스포츠,0,0,0,0,0.75,0.75,0,0,담양 용마루길 #체험 #스포츠,1.0.0,import,0.4,"[{""source"": ""tourapi"", ""source_url"": ""https://www.data.go.kr/data/15101578/openapi.do"", ""note"": ""규칙 기반 라벨 초안. 사람 교차검수 필요""}]",
tourapi,2729195,#체험|#스포츠,0,0,0,0,0.75,0.75,0,0,담양금성오토캠핑장 #체험 #스포츠,1.0.0,import,0.4,"[{""source"": ""tourapi"", ""source_url"": ""https://www.data.go.kr/data/15101578/openapi.do"", ""note"": ""규칙 기반 라벨 초안. 사람 교차검수 필요""}]",
tourapi,715953,#체험|#스포츠,0,0,0,0,0.75,0.75,0,0,담양레이나 CC #체험 #스포츠,1.0.0,import,0.4,"[{""source"": ""tourapi"", ""source_url"": ""https://www.data.go.kr/data/15101578/openapi.do"", ""note"": ""규칙 기반 라벨 초안. 사람 교차검수 필요""}]",
tourapi,2726659,#체험|#스포츠|#힐링,0,0,0,0,0.75,0.75,0.75,0,담양힐링파크 #체험 #스포츠 #힐링,1.0.0,import,0.42,"[{""source"": ""tourapi"", ""source_url"": ""https://www.data.go.kr/data/15101578/openapi.do"", ""note"": ""규칙 기반 라벨 초안. 사람 교차검수 필요""}]",
tourapi,2747474,#체험|#스포츠|#힐링,0,0,0,0,0.75,0.75,0.75,0,대덕힐링캠핑장 #체험 #스포츠 #힐링,1.0.0,import,0.42,"[{""source"": ""tourapi"", ""source_url"": ""https://www.data.go.kr/data/15101578/openapi.do"", ""note"": ""규칙 기반 라벨 초안. 사람 교차검수 필요""}]",
tourapi,2732467,#체험|#스포츠,0,0,0,0,0.75,0.75,0,0,더스타오토캠핑장 #체험 #스포츠,1.0.0,import,0.4,"[{""source"": ""tourapi"", ""source_url"": ""https://www.data.go.kr/data/15101578/openapi.do"", ""note"": ""규칙 기반 라벨 초안. 사람 교차검수 필요""}]",
tourapi,2748025,#체험|#스포츠,0,0,0,0,0.75,0.75,0,0,돌풀마루 #체험 #스포츠,1.0.0,import,0.4,"[{""source"": ""tourapi"", ""source_url"": ""https://www.data.go.kr/data/15101578/openapi.do"", ""note"": ""규칙 기반 라벨 초안. 사람 교차검수 필요""}]",
tourapi,2729340,#체험|#스포츠,0,0,0,0,0.75,0.75,0,0,드림캠핑장 #체험 #스포츠,1.0.0,import,0.4,"[{""source"": ""tourapi"", ""source_url"": ""https://www.data.go.kr/data/15101578/openapi.do"", ""note"": ""규칙 기반 라벨 초안. 사람 교차검수 필요""}]",
tourapi,2729344,#체험|#스포츠,0,0,0,0,0.75,0.75,0,0,들소리캠핑장 #체험 #스포츠,1.0.0,import,0.4,"[{""source"": ""tourapi"", ""source_url"": ""https://www.data.go.kr/data/15101578/openapi.do"", ""note"": ""규칙 기반 라벨 초안. 사람 교차검수 필요""}]",
tourapi,2747041,#체험|#스포츠,0,0,0,0,0.75,0.75,0,0,들음카라반펜션 #체험 #스포츠,1.0.0,import,0.4,"[{""source"": ""tourapi"", ""source_url"": ""https://www.data.go.kr/data/15101578/openapi.do"", ""note"": ""규칙 기반 라벨 초안. 사람 교차검수 필요""}]",
tourapi,2745698,#체험|#스포츠,0,0,0,0,0.75,0.75,0,0,땅끝오토캠핑장 #체험 #스포츠,1.0.0,import,0.4,"[{""source"": ""tourapi"", ""source_url"": ""https://www.data.go.kr/data/15101578/openapi.do"", ""note"": ""규칙 기반 라벨 초안. 사람 교차검수 필요""}]",
tourapi,2745702,#체험|#스포츠,0,0,0,0,0.75,0.75,0,0,라온 캠핑장 #체험 #스포츠,1.0.0,import,0.4,"[{""source"": ""tourapi"", ""source_url"": ""https://www.data.go.kr/data/15101578/openapi.do"", ""note"": ""규칙 기반 라벨 초안. 사람 교차검수 필요""}]",
tourapi,2741004,#체험|#스포츠,0,0,0,0,0.75,0.75,0,0,마루한캠핑장 #체험 #스포츠,1.0.0,import,0.4,"[{""source"": ""tourapi"", ""source_url"": ""https://www.data.go.kr/data/15101578/openapi.do"", ""note"": ""규칙 기반 라벨 초안. 사람 교차검수 필요""}]",
tourapi,2674994,#산|#체험|#스포츠,0.75,0,0,0,0.75,0.75,0,0,만연산 오감연결길 #산 #체험 #스포츠,1.0.0,import,0.42,"[{""source"": ""tourapi"", ""source_url"": ""https://www.data.go.kr/data/15101578/openapi.do"", ""note"": ""규칙 기반 라벨 초안. 사람 교차검수 필요""}]",
tourapi,2727280,#체험|#스포츠,0,0,0,0,0.75,0.75,0,0,메타파크 #체험 #스포츠,1.0.0,import,0.4,"[{""source"": ""tourapi"", ""source_url"": ""https://www.data.go.kr/data/15101578/openapi.do"", ""note"": ""규칙 기반 라벨 초안. 사람 교차검수 필요""}]",
tourapi,2739392,#체험|#스포츠,0,0,0,0,0.75,0.75,0,0,목사골야영장 #체험 #스포츠,1.0.0,import,0.4,"[{""source"": ""tourapi"", ""source_url"": ""https://www.data.go.kr/data/15101578/openapi.do"", ""note"": ""규칙 기반 라벨 초안. 사람 교차검수 필요""}]",
tourapi,2728208,#바다|#체험|#스포츠,0.75,0,0,0,0.75,0.75,0,0,몽돌바다캠핑장 #바다 #체험 #스포츠,1.0.0,import,0.42,"[{""source"": ""tourapi"", ""source_url"": ""https://www.data.go.kr/data/15101578/openapi.do"", ""note"": ""규칙 기반 라벨 초안. 사람 교차검수 필요""}]",
tourapi,2747447,#체험|#스포츠,0,0,0,0,0.75,0.75,0,0,무안황토갯벌랜드 캠핑장 #체험 #스포츠,1.0.0,import,0.4,"[{""source"": ""tourapi"", ""source_url"": ""https://www.data.go.kr/data/15101578/openapi.do"", ""note"": ""규칙 기반 라벨 초안. 사람 교차검수 필요""}]",
tourapi,2435007,#시장|#마켓|#실내|#비오는날,0,0,0,0.75,0,0,0,0.75,곡성 기차당 뚝방마켓 #시장 #마켓 #실내 #비오는날,1.0.0,import,0.4,"[{""source"": ""tourapi"", ""source_url"": ""https://www.data.go.kr/data/15101578/openapi.do"", ""note"": ""규칙 기반 라벨 초안. 사람 교차검수 필요""}]",
tourapi,1434518,#전통|#시장|#느린여행|#실내|#비오는날,0,0.75,0,0.75,0,0,0.75,0,"곡성기차마을전통시장 (3, 8일) #전통 #시장 #느린여행 #실내 #비오는날",1.0.0,import,0.42,"[{""source"": ""tourapi"", ""source_url"": ""https://www.data.go.kr/data/15101578/openapi.do"", ""note"": ""규칙 기반 라벨 초안. 사람 교차검수 필요""}]",
tourapi,132059,#산|#시장|#실내|#비오는날,0.75,0,0,0.75,0,0,0,0,"공산장 (1, 6일) #산 #시장 #실내 #비오는날",1.0.0,import,0.4,"[{""source"": ""tourapi"", ""source_url"": ""https://www.data.go.kr/data/15101578/openapi.do"", ""note"": ""규칙 기반 라벨 초안. 사람 교차검수 필요""}]",
tourapi,132054,#시장|#실내|#비오는날,0,0,0,0.75,0,0,0,0,과역시장 #시장 #실내 #비오는날,1.0.0,import,0.38,"[{""source"": ""tourapi"", ""source_url"": ""https://www.data.go.kr/data/15101578/openapi.do"", ""note"": ""규칙 기반 라벨 초안. 사람 교차검수 필요""}]",
tourapi,1976858,#시장|#실내|#비오는날,0,0,0,0.75,0,0,0,0,"광양5일장 (1, 6일) #시장 #실내 #비오는날",1.0.0,import,0.38,"[{""source"": ""tourapi"", ""source_url"": ""https://www.data.go.kr/data/15101578/openapi.do"", ""note"": ""규칙 기반 라벨 초안. 사람 교차검수 필요""}]",
tourapi,3010413,#산|#시장|#전통음식|#실내|#비오는날,0.75,0,0,1,0,0,0,0,김미영 돌산갓김치 #산 #시장 #전통음식 #실내 #비오는날,1.0.0,import,0.42,"[{""source"": ""tourapi"", ""source_url"": ""https://www.data.go.kr/data/15101578/openapi.do"", ""note"": ""규칙 기반 라벨 초안. 사람 교차검수 필요""}]",
tourapi,1976875,#시장|#실내|#비오는날,0,0,0,0.75,0,0,0,0,나주목사고을시장 #시장 #실내 #비오는날,1.0.0,import,0.38,"[{""source"": ""tourapi"", ""source_url"": ""https://www.data.go.kr/data/15101578/openapi.do"", ""note"": ""규칙 기반 라벨 초안. 사람 교차검수 필요""}]",
tourapi,2717546,#시장|#실내|#비오는날,0,0,0,0.75,0,0,0,0,남도상회 #시장 #실내 #비오는날,1.0.0,import,0.38,"[{""source"": ""tourapi"", ""source_url"": ""https://www.data.go.kr/data/15101578/openapi.do"", ""note"": ""규칙 기반 라벨 초안. 사람 교차검수 필요""}]",
tourapi,2758168,#시장|#실내|#비오는날,0,0,0,0.75,0,0,0,0,남악시장 #시장 #실내 #비오는날,1.0.0,import,0.38,"[{""source"": ""tourapi"", ""source_url"": ""https://www.data.go.kr/data/15101578/openapi.do"", ""note"": ""규칙 기반 라벨 초안. 사람 교차검수 필요""}]",
tourapi,132092,#시장|#실내|#비오는날,0,0,0,0.75,0,0,0,0,"남창장 (2, 7일) #시장 #실내 #비오는날",1.0.0,import,0.38,"[{""source"": ""tourapi"", ""source_url"": ""https://www.data.go.kr/data/15101578/openapi.do"", ""note"": ""규칙 기반 라벨 초안. 사람 교차검수 필요""}]",
tourapi,132167,#시장|#실내|#비오는날,0,0,0,0.75,0,0,0,0,"남평장 (1, 6일) #시장 #실내 #비오는날",1.0.0,import,0.38,"[{""source"": ""tourapi"", ""source_url"": ""https://www.data.go.kr/data/15101578/openapi.do"", ""note"": ""규칙 기반 라벨 초안. 사람 교차검수 필요""}]",
tourapi,132067,#시장|#실내|#비오는날,0,0,0,0.75,0,0,0,0,"녹차골보성향토시장 (2, 7일) #시장 #실내 #비오는날",1.0.0,import,0.38,"[{""source"": ""tourapi"", ""source_url"": ""https://www.data.go.kr/data/15101578/openapi.do"", ""note"": ""규칙 기반 라벨 초안. 사람 교차검수 필요""}]",
tourapi,132093,#전통|#시장|#실내|#비오는날,0,0.75,0,0.75,0,0,0,0,능주전통시장 #전통 #시장 #실내 #비오는날,1.0.0,import,0.4,"[{""source"": ""tourapi"", ""source_url"": ""https://www.data.go.kr/data/15101578/openapi.do"", ""note"": ""규칙 기반 라벨 초안. 사람 교차검수 필요""}]",
tourapi,132061,#시장|#실내|#비오는날,0,0,0,0.75,0,0,0,0,"대치장 (3, 8일) #시장 #실내 #비오는날",1.0.0,import,0.38,"[{""source"": ""tourapi"", ""source_url"": ""https://www.data.go.kr/data/15101578/openapi.do"", ""note"": ""규칙 기반 라벨 초안. 사람 교차검수 필요""}]",
tourapi,132070,#시장|#실내|#비오는날,0,0,0,0.75,0,0,0,0,덕양시장 #시장 #실내 #비오는날,1.0.0,import,0.38,"[{""source"": ""tourapi"", ""source_url"": ""https://www.data.go.kr/data/15101578/openapi.do"", ""note"": ""규칙 기반 라벨 초안. 사람 교차검수 필요""}]",
tourapi,132073,#시장|#실내|#비오는날,0,0,0,0.75,0,0,0,0,"독천장(4, 9일) #시장 #실내 #비오는날",1.0.0,import,0.38,"[{""source"": ""tourapi"", ""source_url"": ""https://www.data.go.kr/data/15101578/openapi.do"", ""note"": ""규칙 기반 라벨 초안. 사람 교차검수 필요""}]",
tourapi,1343107,#정원|#시장|#공원|#실내|#비오는날,0.75,0,0,0.75,0,0,0.75,0,동박새꿈정원 #정원 #시장 #공원 #실내 #비오는날,1.0.0,import,0.42,"[{""source"": ""tourapi"", ""source_url"": ""https://www.data.go.kr/data/15101578/openapi.do"", ""note"": ""규칙 기반 라벨 초안. 사람 교차검수 필요""}]",
tourapi,2752133,#산|#시장|#실내|#비오는날,0.75,0,0,0.75,0,0,0,0,마량 놀토수산시장 #산 #시장 #실내 #비오는날,1.0.0,import,0.4,"[{""source"": ""tourapi"", ""source_url"": ""https://www.data.go.kr/data/15101578/openapi.do"", ""note"": ""규칙 기반 라벨 초안. 사람 교차검수 필요""}]",
tourapi,1143723,#시장|#실내|#비오는날,0,0,0,0.75,0,0,0,0,목포 동부시장 #시장 #실내 #비오는날,1.0.0,import,0.38,"[{""source"": ""tourapi"", ""source_url"": ""https://www.data.go.kr/data/15101578/openapi.do"", ""note"": ""규칙 기반 라벨 초안. 사람 교차검수 필요""}]",
tourapi,1227095,#시장|#실내|#비오는날,0,0,0,0.75,0,0,0,0,목포 신중앙시장 #시장 #실내 #비오는날,1.0.0,import,0.38,"[{""source"": ""tourapi"", ""source_url"": ""https://www.data.go.kr/data/15101578/openapi.do"", ""note"": ""규칙 기반 라벨 초안. 사람 교차검수 필요""}]",
tourapi,1730879,#시장|#실내|#비오는날,0,0,0,0.75,0,0,0,0,목포 청호시장 #시장 #실내 #비오는날,1.0.0,import,0.38,"[{""source"": ""tourapi"", ""source_url"": ""https://www.data.go.kr/data/15101578/openapi.do"", ""note"": ""규칙 기반 라벨 초안. 사람 교차검수 필요""}]",
tourapi,2765255,#산|#시장|#특산물|#실내|#비오는날,0.75,0,0,1,0,0,0,0,목포농산물도매시장 #산 #시장 #특산물 #실내 #비오는날,1.0.0,import,0.42,"[{""source"": ""tourapi"", ""source_url"": ""https://www.data.go.kr/data/15101578/openapi.do"", ""note"": ""규칙 기반 라벨 초안. 사람 교차검수 필요""}]",
tourapi,132064,#시장|#실내|#비오는날,0,0,0,0.75,0,0,0,0,"무안장 (4, 9일) #시장 #실내 #비오는날",1.0.0,import,0.38,"[{""source"": ""tourapi"", ""source_url"": ""https://www.data.go.kr/data/15101578/openapi.do"", ""note"": ""규칙 기반 라벨 초안. 사람 교차검수 필요""}]",
tourapi,2748736,#전통|#시장|#실내|#비오는날,0,0.75,0,0.75,0,0,0,0,무안전통시장 #전통 #시장 #실내 #비오는날,1.0.0,import,0.4,"[{""source"": ""tourapi"", ""source_url"": ""https://www.data.go.kr/data/15101578/openapi.do"", ""note"": ""규칙 기반 라벨 초안. 사람 교차검수 필요""}]",
tourapi,132069,#시장|#실내|#비오는날,0,0,0,0.75,0,0,0,0,"서시장 (4, 9일) #시장 #실내 #비오는날",1.0.0,import,0.38,"[{""source"": ""tourapi"", ""source_url"": ""https://www.data.go.kr/data/15101578/openapi.do"", ""note"": ""규칙 기반 라벨 초안. 사람 교차검수 필요""}]",
tourapi,3505810,#시장|#실내|#비오는날,0,0,0,0.75,0,0,0,0,순천 웃장 #시장 #실내 #비오는날,1.0.0,import,0.38,"[{""source"": ""tourapi"", ""source_url"": ""https://www.data.go.kr/data/15101578/openapi.do"", ""note"": ""규칙 기반 라벨 초안. 사람 교차검수 필요""}]",
tourapi,1343398,#산|#전시|#시장|#특산물|#실내|#비오는날,0.75,0,0.75,1,0,0,0,0,여수 특산품전시판매장 #산 #전시 #시장 #특산물 #실내 #비오는날,1.0.0,import,0.45,"[{""source"": ""tourapi"", ""source_url"": ""https://www.data.go.kr/data/15101578/openapi.do"", ""note"": ""규칙 기반 라벨 초안. 사람 교차검수 필요""}]",
tourapi,2783118,#산|#시장|#실내|#비오는날,0.75,0,0,0.75,0,0,0,0,여수수산시장 #산 #시장 #실내 #비오는날,1.0.0,import,0.4,"[{""source"": ""tourapi"", ""source_url"": ""https://www.data.go.kr/data/15101578/openapi.do"", ""note"": ""규칙 기반 라벨 초안. 사람 교차검수 필요""}]",
tourapi,2876922,#시장|#실내|#비오는날,0,0,0,0.75,0,0,0,0,영광고추특화시장 #시장 #실내 #비오는날,1.0.0,import,0.38,"[{""source"": ""tourapi"", ""source_url"": ""https://www.data.go.kr/data/15101578/openapi.do"", ""note"": ""규칙 기반 라벨 초안. 사람 교차검수 필요""}]",
tourapi,132166,#산|#시장|#실내|#비오는날,0.75,0,0,0.75,0,0,0,0,"영산포풍물시장(5, 10일) #산 #시장 #실내 #비오는날",1.0.0,import,0.4,"[{""source"": ""tourapi"", ""source_url"": ""https://www.data.go.kr/data/15101578/openapi.do"", ""note"": ""규칙 기반 라벨 초안. 사람 교차검수 필요""}]",
